id,name,created_at,updated_at
1,アージュレス,2019-02-07 7:01:53,2019-02-07 7:01:53
2,アースセラプティクス,2019-02-07 7:01:53,2019-02-07 7:01:53
3,アーダブレーン,2019-02-07 7:01:53,2019-02-07 7:01:53
4,アーダン,2019-02-07 7:01:53,2019-02-07 7:01:53
5,アーチフィッター,2019-02-07 7:01:53,2019-02-07 7:01:53
6,アーデル,2019-02-07 7:01:53,2019-02-07 7:01:53
7,アーニー,2019-02-07 7:01:53,2019-02-07 7:01:53
8,アーニーズ,2019-02-07 7:01:53,2019-02-07 7:01:53
9,アーバン,2019-02-07 7:01:53,2019-02-07 7:01:53
10,アーバンディーケイ,2019-02-07 7:01:53,2019-02-07 7:01:53
11,アーユルベーダオイル,2019-02-07 7:01:53,2019-02-07 7:01:53
12,アールエムケー,2019-02-07 7:01:53,2019-02-07 7:01:53
13,アールエル シリーズ,2019-02-07 7:01:53,2019-02-07 7:01:53
14,アールスリー,2019-02-07 7:01:53,2019-02-07 7:01:53
15,アール・ツー・オー,2019-02-07 7:01:53,2019-02-07 7:01:53
16,アイオペ,2019-02-07 7:01:53,2019-02-07 7:01:53
17,アイズ,2019-02-07 7:01:53,2019-02-07 7:01:53
18,アイドロシー,2019-02-07 7:01:53,2019-02-07 7:01:53
19,アイブロウキュアー,2019-02-07 7:01:53,2019-02-07 7:01:53
20,アイボリー,2019-02-07 7:01:53,2019-02-07 7:01:53
21,アイリーバギー,2019-02-07 7:01:53,2019-02-07 7:01:53
22,アヴァンセ,2019-02-07 7:01:53,2019-02-07 7:01:53
23,アオイコスメティックス,2019-02-07 7:01:53,2019-02-07 7:01:53
24,アカイシ,2019-02-07 7:01:53,2019-02-07 7:01:53
25,アクア ディ パルマ,2019-02-07 7:01:53,2019-02-07 7:01:53
26,アクアフェアリー,2019-02-07 7:01:53,2019-02-07 7:01:53
27,アクア・マドンナ,2019-02-07 7:01:53,2019-02-07 7:01:53
28,アクア ミスティーク,2019-02-07 7:01:53,2019-02-07 7:01:53
29,アクアレーベル,2019-02-07 7:01:53,2019-02-07 7:01:53
30,アクアロック,2019-02-07 7:01:53,2019-02-07 7:01:53
31,アクアヴィ,2019-02-07 7:01:53,2019-02-07 7:01:53
32,アクオリナ,2019-02-07 7:01:53,2019-02-07 7:01:53
33,アクセーヌ,2019-02-07 7:01:53,2019-02-07 7:01:53
34,アクネスラボ,2019-02-07 7:01:53,2019-02-07 7:01:53
35,アクネバリア,2019-02-07 7:01:53,2019-02-07 7:01:53
36,アザロ,2019-02-07 7:01:53,2019-02-07 7:01:53
37,アジアチカ,2019-02-07 7:01:53,2019-02-07 7:01:53
38,アジエンス,2019-02-07 7:01:53,2019-02-07 7:01:53
39,アジュバン,2019-02-07 7:01:53,2019-02-07 7:01:53
40,アスアナ,2019-02-07 7:01:53,2019-02-07 7:01:53
41,アスタリフト,2019-02-07 7:01:53,2019-02-07 7:01:53
42,アスティ,2019-02-07 7:01:53,2019-02-07 7:01:53
43,アスミカ,2019-02-07 7:01:53,2019-02-07 7:01:53
44,アセント石鹸,2019-02-07 7:01:53,2019-02-07 7:01:53
45,アダバイオ,2019-02-07 7:01:53,2019-02-07 7:01:53
46,アッカ カッパ,2019-02-07 7:01:53,2019-02-07 7:01:53
47,アックス,2019-02-07 7:01:53,2019-02-07 7:01:53
48,アットマユカラー,2019-02-07 7:01:53,2019-02-07 7:01:53
49,アテニア,2019-02-07 7:01:53,2019-02-07 7:01:53
50,アディクション,2019-02-07 7:01:53,2019-02-07 7:01:53
51,アデルマ,2019-02-07 7:01:53,2019-02-07 7:01:53
52,アトパーム,2019-02-07 7:01:53,2019-02-07 7:01:53
53,アドム,2019-02-07 7:01:53,2019-02-07 7:01:53
54,アナスイ,2019-02-07 7:01:53,2019-02-07 7:01:53
55,アナスタシア,2019-02-07 7:01:53,2019-02-07 7:01:53
56,アナリュテージ,2019-02-07 7:01:53,2019-02-07 7:01:53
57,アニエスベー,2019-02-07 7:01:53,2019-02-07 7:01:53
58,アネキャン,2019-02-07 7:01:53,2019-02-07 7:01:53
59,アネッサ,2019-02-07 7:01:53,2019-02-07 7:01:53
60,アバロンオーガニクス,2019-02-07 7:01:53,2019-02-07 7:01:53
61,アパガード,2019-02-07 7:01:53,2019-02-07 7:01:53
62,アビエルタ,2019-02-07 7:01:53,2019-02-07 7:01:53
63,アビジェル,2019-02-07 7:01:53,2019-02-07 7:01:53
64,アピュア,2019-02-07 7:01:53,2019-02-07 7:01:53
65,アベンヌ,2019-02-07 7:01:53,2019-02-07 7:01:53
66,アペックス,2019-02-07 7:01:53,2019-02-07 7:01:53
67,アマーユ,2019-02-07 7:01:53,2019-02-07 7:01:53
68,アマビリス,2019-02-07 7:01:53,2019-02-07 7:01:53
69,アミノリセ,2019-02-07 7:01:53,2019-02-07 7:01:53
70,アミューレ,2019-02-07 7:01:53,2019-02-07 7:01:53
71,アムアージュ,2019-02-07 7:01:53,2019-02-07 7:01:53
72,アムリターラ,2019-02-07 7:01:53,2019-02-07 7:01:53
73,アメツチ,2019-02-07 7:01:53,2019-02-07 7:01:53
74,アモーレパシフィック,2019-02-07 7:01:53,2019-02-07 7:01:53
75,アラウ,2019-02-07 7:01:53,2019-02-07 7:01:53
76,アラウ ベビー,2019-02-07 7:01:53,2019-02-07 7:01:53
77,アラガン,2019-02-07 7:01:53,2019-02-07 7:01:53
78,アラミス,2019-02-07 7:01:53,2019-02-07 7:01:53
79,アラン ドロン,2019-02-07 7:01:53,2019-02-07 7:01:53
80,アリィー,2019-02-07 7:01:53,2019-02-07 7:01:53
81,アリタウム,2019-02-07 7:01:53,2019-02-07 7:01:53
82,アリミノ,2019-02-07 7:01:53,2019-02-07 7:01:53
83,アリム,2019-02-07 7:01:53,2019-02-07 7:01:53
84,アルージェ,2019-02-07 7:01:53,2019-02-07 7:01:53
85,アルガンドール,2019-02-07 7:01:53,2019-02-07 7:01:53
86,アルキミア,2019-02-07 7:01:53,2019-02-07 7:01:53
87,アルゴテルム,2019-02-07 7:01:53,2019-02-07 7:01:53
88,アルサイエンス,2019-02-07 7:01:53,2019-02-07 7:01:53
89,アルジタル,2019-02-07 7:01:53,2019-02-07 7:01:53
90,アルテ,2019-02-07 7:01:53,2019-02-07 7:01:53
91,アルティ,2019-02-07 7:01:53,2019-02-07 7:01:53
92,アルバ,2019-02-07 7:01:53,2019-02-07 7:01:53
93,アルバ ボタニカ,2019-02-07 7:01:53,2019-02-07 7:01:53
94,アルビオン,2019-02-07 7:01:53,2019-02-07 7:01:53
95,アルマード ラ ディーナ,2019-02-07 7:01:53,2019-02-07 7:01:53
96,アルムドダウム,2019-02-07 7:01:53,2019-02-07 7:01:53
97,アルメディック,2019-02-07 7:01:53,2019-02-07 7:01:53
98,アレス,2019-02-07 7:01:53,2019-02-07 7:01:53
99,アロバーチ,2019-02-07 7:01:53,2019-02-07 7:01:53
100,アロマエッセ,2019-02-07 7:01:53,2019-02-07 7:01:53
101,アロマコンセプト,2019-02-07 7:01:53,2019-02-07 7:01:53
102,アロマセラピー アソシエイツ,2019-02-07 7:01:53,2019-02-07 7:01:53
103,アロマティック ココ,2019-02-07 7:01:53,2019-02-07 7:01:53
104,アロモンヌ,2019-02-07 7:01:53,2019-02-07 7:01:53
105,アロヴィヴィ,2019-02-07 7:01:53,2019-02-07 7:01:53
106,アンエラ,2019-02-07 7:01:53,2019-02-07 7:01:53
107,アンジェ,2019-02-07 7:01:53,2019-02-07 7:01:53
108,アンジュリン,2019-02-07 7:01:53,2019-02-07 7:01:53
109,アンスクレ,2019-02-07 7:01:53,2019-02-07 7:01:53
110,アンスティテュ・トレ・ビアン,2019-02-07 7:01:53,2019-02-07 7:01:53
111,アンダーテン,2019-02-07 7:01:53,2019-02-07 7:01:53
112,アンテノーブル,2019-02-07 7:01:53,2019-02-07 7:01:53
113,アンデプラン,2019-02-07 7:01:53,2019-02-07 7:01:53
114,アンドフェイス,2019-02-07 7:01:53,2019-02-07 7:01:53
115,アンドラティア,2019-02-07 7:01:53,2019-02-07 7:01:53
116,アンナトゥモール,2019-02-07 7:01:53,2019-02-07 7:01:53
117,アンネマリー・ボーリンド,2019-02-07 7:01:53,2019-02-07 7:01:53
118,アンバーボタニカル,2019-02-07 7:01:53,2019-02-07 7:01:53
119,アンビオ,2019-02-07 7:01:53,2019-02-07 7:01:53
120,アンファー,2019-02-07 7:01:53,2019-02-07 7:01:53
121,アンブラ,2019-02-07 7:01:53,2019-02-07 7:01:53
122,アンブリオウス,2019-02-07 7:01:53,2019-02-07 7:01:53
123,アンプルール,2019-02-07 7:01:53,2019-02-07 7:01:53
124,アンリュクス,2019-02-07 7:01:53,2019-02-07 7:01:53
125,イ,2019-02-07 7:01:53,2019-02-07 7:01:53
126,イアンクス,2019-02-07 7:01:53,2019-02-07 7:01:53
127,イーオー,2019-02-07 7:01:53,2019-02-07 7:01:53
128,イーカオス,2019-02-07 7:01:53,2019-02-07 7:01:53
129,イーテック,2019-02-07 7:01:53,2019-02-07 7:01:53
130,イーノ,2019-02-07 7:01:53,2019-02-07 7:01:53
131,イーハイフン,2019-02-07 7:01:53,2019-02-07 7:01:53
132,イープ,2019-02-07 7:01:53,2019-02-07 7:01:53
133,イヴ サン ローラン,2019-02-07 7:01:53,2019-02-07 7:01:53
134,イオナ,2019-02-07 7:01:53,2019-02-07 7:01:53
135,イオミスト,2019-02-07 7:01:53,2019-02-07 7:01:53
136,イクス,2019-02-07 7:01:53,2019-02-07 7:01:53
137,イゴール,2019-02-07 7:01:53,2019-02-07 7:01:53
138,石澤研究所,2019-02-07 7:01:53,2019-02-07 7:01:53
139,イソップ,2019-02-07 7:01:53,2019-02-07 7:01:53
140,イソラル,2019-02-07 7:01:53,2019-02-07 7:01:53
141,イタヤ,2019-02-07 7:01:53,2019-02-07 7:01:53
142,いち髪,2019-02-07 7:01:53,2019-02-07 7:01:53
143,一凛,2019-02-07 7:01:53,2019-02-07 7:01:53
144,イッセイミヤケ,2019-02-07 7:01:53,2019-02-07 7:01:53
145,イッツスキン,2019-02-07 7:01:53,2019-02-07 7:01:53
146,イニスフリー,2019-02-07 7:01:53,2019-02-07 7:01:53
147,イビザ,2019-02-07 7:01:53,2019-02-07 7:01:53
148,イプサ,2019-02-07 7:01:53,2019-02-07 7:01:53
149,イプリップ,2019-02-07 7:01:53,2019-02-07 7:01:53
150,イミュ,2019-02-07 7:01:53,2019-02-07 7:01:53
151,イリアール,2019-02-07 7:01:53,2019-02-07 7:01:53
152,イリュージュ,2019-02-07 7:01:53,2019-02-07 7:01:53
153,イリューム,2019-02-07 7:01:53,2019-02-07 7:01:53
154,イルブリール,2019-02-07 7:01:53,2019-02-07 7:01:53
155,彩,2019-02-07 7:01:53,2019-02-07 7:01:53
156,いわみ,2019-02-07 7:01:53,2019-02-07 7:01:53
157,インウイ アイディー,2019-02-07 7:01:53,2019-02-07 7:01:53
158,イングリッシュアイディアズ,2019-02-07 7:01:53,2019-02-07 7:01:53
159,インスパイリングミカコ,2019-02-07 7:01:53,2019-02-07 7:01:53
160,インティ・バリ,2019-02-07 7:01:53,2019-02-07 7:01:53
161,インテグレート,2019-02-07 7:01:53,2019-02-07 7:01:53
162,インテグレート グレイシィ,2019-02-07 7:01:53,2019-02-07 7:01:53
163,インナーシグナル,2019-02-07 7:01:53,2019-02-07 7:01:53
164,インフィオレ,2019-02-07 7:01:53,2019-02-07 7:01:53
165,インフュジウム23,2019-02-07 7:01:53,2019-02-07 7:01:53
166,イン・プレス,2019-02-07 7:01:53,2019-02-07 7:01:53
167,イン レッド,2019-02-07 7:01:53,2019-02-07 7:01:53
168,イヴロム,2019-02-07 7:01:53,2019-02-07 7:01:53
169,ウ,2019-02-07 7:01:53,2019-02-07 7:01:53
170,ヴィクトリア シークレット,2019-02-07 7:01:53,2019-02-07 7:01:53
171,ヴィセ,2019-02-07 7:01:53,2019-02-07 7:01:53
172,ウィムーン,2019-02-07 7:01:53,2019-02-07 7:01:53
173,ウィッチズポーチ,2019-02-07 7:01:53,2019-02-07 7:01:53
174,ウーノ,2019-02-07 7:01:53,2019-02-07 7:01:53
175,ウーマ,2019-02-07 7:01:53,2019-02-07 7:01:53
176,ウェルチ,2019-02-07 7:01:53,2019-02-07 7:01:53
177,ウェレジーナ,2019-02-07 7:01:53,2019-02-07 7:01:53
178,ウェン,2019-02-07 7:01:53,2019-02-07 7:01:53
179,ウエラ,2019-02-07 7:01:53,2019-02-07 7:01:53
180,ウエルテック,2019-02-07 7:01:53,2019-02-07 7:01:53
181,ウォースノース,2019-02-07 7:01:53,2019-02-07 7:01:53
182,ウオルグリーン,2019-02-07 7:01:53,2019-02-07 7:01:53
183,ウカ,2019-02-07 7:01:53,2019-02-07 7:01:53
184,ウッズ オブ ウィンザー,2019-02-07 7:01:53,2019-02-07 7:01:53
185,ウテナ,2019-02-07 7:01:53,2019-02-07 7:01:53
186,ウトガリア,2019-02-07 7:01:53,2019-02-07 7:01:53
187,うふふ,2019-02-07 7:01:53,2019-02-07 7:01:53
188,ウラ ヘンリクセン,2019-02-07 7:01:53,2019-02-07 7:01:53
189,ウリベート,2019-02-07 7:01:53,2019-02-07 7:01:53
190,うるおって,2019-02-07 7:01:53,2019-02-07 7:01:53
191,ウルテクラム,2019-02-07 7:01:53,2019-02-07 7:01:53
192,潤,2019-02-07 7:01:53,2019-02-07 7:01:53
193,ヴァーナル,2019-02-07 7:01:53,2019-02-07 7:01:53
194,ヴァセリン,2019-02-07 7:01:53,2019-02-07 7:01:53
195,ヴァルモン,2019-02-07 7:01:53,2019-02-07 7:01:53
196,ヴァンサンカン,2019-02-07 7:01:53,2019-02-07 7:01:53
197,ヴァンテロ,2019-02-07 7:01:53,2019-02-07 7:01:53
198,ヴィア・パリス,2019-02-07 7:01:53,2019-02-07 7:01:53
199,ヴィータ,2019-02-07 7:01:53,2019-02-07 7:01:53
200,ヴィート,2019-02-07 7:01:53,2019-02-07 7:01:53
201,ヴィーナス,2019-02-07 7:01:53,2019-02-07 7:01:53
202,ヴィーナススパ,2019-02-07 7:01:53,2019-02-07 7:01:53
203,ヴィザージュ,2019-02-07 7:01:53,2019-02-07 7:01:53
204,ヴィタマン,2019-02-07 7:01:53,2019-02-07 7:01:53
205,ヴィ・タラソ,2019-02-07 7:01:53,2019-02-07 7:01:53
206,ヴィダルサスーン,2019-02-07 7:01:53,2019-02-07 7:01:53
207,ヴィラボ,2019-02-07 7:01:53,2019-02-07 7:01:53
208,ヴィヴィ,2019-02-07 7:01:53,2019-02-07 7:01:53
209,ヴイガール,2019-02-07 7:01:53,2019-02-07 7:01:53
210,ヴェリィ,2019-02-07 7:01:53,2019-02-07 7:01:53
211,ヴェリマ,2019-02-07 7:01:53,2019-02-07 7:01:53
212,ヴェルトゥー,2019-02-07 7:01:53,2019-02-07 7:01:53
213,ヴォイッジ,2019-02-07 7:01:53,2019-02-07 7:01:53
214,ヴォーグ ニッポン,2019-02-07 7:01:53,2019-02-07 7:01:53
215,ヴォーチェ,2019-02-07 7:01:53,2019-02-07 7:01:53
216,ヴォス,2019-02-07 7:01:53,2019-02-07 7:01:53
217,ヴリンダヴァン,2019-02-07 7:01:53,2019-02-07 7:01:53
218,エ,2019-02-07 7:01:53,2019-02-07 7:01:53
219,エアー,2019-02-07 7:01:53,2019-02-07 7:01:53
220,エイシア,2019-02-07 7:01:53,2019-02-07 7:01:53
221,エイチ アンド エス,2019-02-07 7:01:53,2019-02-07 7:01:53
222,エイチフォーユー,2019-02-07 7:01:53,2019-02-07 7:01:53
223,エイブ,2019-02-07 7:01:53,2019-02-07 7:01:53
224,エイベックス・マーケティング,2019-02-07 7:01:53,2019-02-07 7:01:53
225,エーアイビー,2019-02-07 7:01:53,2019-02-07 7:01:53
226,エーアンドエス,2019-02-07 7:01:53,2019-02-07 7:01:53
227,エーエスシーアットホーム,2019-02-07 7:01:53,2019-02-07 7:01:53
228,エーシー,2019-02-07 7:01:53,2019-02-07 7:01:53
229,エーシーメイクアップ,2019-02-07 7:01:53,2019-02-07 7:01:53
230,エクサ,2019-02-07 7:01:53,2019-02-07 7:01:53
231,エクスボーテ,2019-02-07 7:01:53,2019-02-07 7:01:53
232,エクセル,2019-02-07 7:01:53,2019-02-07 7:01:53
233,エクセルーラ,2019-02-07 7:01:53,2019-02-07 7:01:53
234,エクチャーム,2019-02-07 7:01:53,2019-02-07 7:01:53
235,エクリナル,2019-02-07 7:01:53,2019-02-07 7:01:53
236,エコ,2019-02-07 7:01:53,2019-02-07 7:01:53
237,エスカーダ,2019-02-07 7:01:53,2019-02-07 7:01:53
238,エス カワイイ,2019-02-07 7:01:53,2019-02-07 7:01:53
239,エスケーツー,2019-02-07 7:01:53,2019-02-07 7:01:53
240,エスケード,2019-02-07 7:01:53,2019-02-07 7:01:53
241,エスティ ローダー,2019-02-07 7:01:53,2019-02-07 7:01:53
242,エステー,2019-02-07 7:01:53,2019-02-07 7:01:53
243,エステダム,2019-02-07 7:01:53,2019-02-07 7:01:53
244,エスト,2019-02-07 7:01:53,2019-02-07 7:01:53
245,エスプリーク,2019-02-07 7:01:53,2019-02-07 7:01:53
246,エスポア,2019-02-07 7:01:53,2019-02-07 7:01:53
247,エスポッシュ,2019-02-07 7:01:53,2019-02-07 7:01:53
248,エスポワール,2019-02-07 7:01:53,2019-02-07 7:01:53
249,エス・ユニーク,2019-02-07 7:01:53,2019-02-07 7:01:53
250,エターナルベーシック,2019-02-07 7:01:53,2019-02-07 7:01:53
251,エチュード,2019-02-07 7:01:53,2019-02-07 7:01:53
252,エチュードハウス,2019-02-07 7:01:53,2019-02-07 7:01:53
253,エッグ,2019-02-07 7:01:53,2019-02-07 7:01:53
254,エッシー,2019-02-07 7:01:53,2019-02-07 7:01:53
255,エッセンシャル,2019-02-07 7:01:53,2019-02-07 7:01:53
256,エッソンシュエル,2019-02-07 7:01:53,2019-02-07 7:01:53
257,エティート,2019-02-07 7:01:53,2019-02-07 7:01:53
258,エテュセ,2019-02-07 7:01:53,2019-02-07 7:01:53
259,エヌ,2019-02-07 7:01:53,2019-02-07 7:01:53
260,エバーナット,2019-02-07 7:01:53,2019-02-07 7:01:53
261,エバメール,2019-02-07 7:01:53,2019-02-07 7:01:53
262,エビアン,2019-02-07 7:01:53,2019-02-07 7:01:53
263,エビータ,2019-02-07 7:01:53,2019-02-07 7:01:53
264,エフアンドエル,2019-02-07 7:01:53,2019-02-07 7:01:53
265,エフラ,2019-02-07 7:01:53,2019-02-07 7:01:53
266,エミュール,2019-02-07 7:01:53,2019-02-07 7:01:53
267,エムアイエムシー,2019-02-07 7:01:53,2019-02-07 7:01:53
268,エム・エス・エイチ,2019-02-07 7:01:53,2019-02-07 7:01:53
269,エムココロ,2019-02-07 7:01:53,2019-02-07 7:01:53
270,エムコスメ,2019-02-07 7:01:53,2019-02-07 7:01:53
271,エムディ,2019-02-07 7:01:53,2019-02-07 7:01:53
272,エメル コスメティックス,2019-02-07 7:01:53,2019-02-07 7:01:53
273,エモダ,2019-02-07 7:01:53,2019-02-07 7:01:53
274,エラバシェ,2019-02-07 7:01:53,2019-02-07 7:01:53
275,エリクシール,2019-02-07 7:01:53,2019-02-07 7:01:53
276,エリコネイル,2019-02-07 7:01:53,2019-02-07 7:01:53
277,エリザベス アーデン,2019-02-07 7:01:53,2019-02-07 7:01:53
278,エリシーナ,2019-02-07 7:01:53,2019-02-07 7:01:53
279,エリシャコイ,2019-02-07 7:01:53,2019-02-07 7:01:53
280,エルエスシー,2019-02-07 7:01:53,2019-02-07 7:01:53
281,素数,2019-02-07 7:01:53,2019-02-07 7:01:53
282,エル・ガール,2019-02-07 7:01:53,2019-02-07 7:01:53
283,エルシーラブコスメ,2019-02-07 7:01:53,2019-02-07 7:01:53
284,エル・ジャポン,2019-02-07 7:01:53,2019-02-07 7:01:53
285,エルバビーバ,2019-02-07 7:01:53,2019-02-07 7:01:53
286,エルメス,2019-02-07 7:01:53,2019-02-07 7:01:53
287,エルリ,2019-02-07 7:01:53,2019-02-07 7:01:53
288,エレガンス,2019-02-07 7:01:53,2019-02-07 7:01:53
289,エレンス,2019-02-07 7:01:53,2019-02-07 7:01:53
290,エロイカ,2019-02-07 7:01:53,2019-02-07 7:01:53
291,エンシア,2019-02-07 7:01:53,2019-02-07 7:01:53
292,エンジェル ハート,2019-02-07 7:01:53,2019-02-07 7:01:53
293,エンジェル リップル,2019-02-07 7:01:53,2019-02-07 7:01:53
294,エンドジーナス,2019-02-07 7:01:53,2019-02-07 7:01:53
295,エンビロン,2019-02-07 7:01:53,2019-02-07 7:01:53
296,エヴァトーン,2019-02-07 7:01:53,2019-02-07 7:01:53
297,オ,2019-02-07 7:01:53,2019-02-07 7:01:53
298,オーセル澡,2019-02-07 7:01:53,2019-02-07 7:01:53
299,オー,2019-02-07 7:01:53,2019-02-07 7:01:53
300,オー,2019-02-07 7:01:53,2019-02-07 7:01:53
301,オーアールピー トーキョー,2019-02-07 7:01:53,2019-02-07 7:01:53
302,オーガニーク,2019-02-07 7:01:53,2019-02-07 7:01:53
303,オーガニックファーマシー,2019-02-07 7:01:53,2019-02-07 7:01:53
304,オーガニックボタニクス,2019-02-07 7:01:53,2019-02-07 7:01:53
305,大島椿,2019-02-07 7:01:53,2019-02-07 7:01:53
306,オージュア,2019-02-07 7:01:53,2019-02-07 7:01:53
307,大塚製薬,2019-02-07 7:01:53,2019-02-07 7:01:53
308,オーディ,2019-02-07 7:01:53,2019-02-07 7:01:53
309,オードムーゲ,2019-02-07 7:01:53,2019-02-07 7:01:53
310,オードリーズロンドン,2019-02-07 7:01:53,2019-02-07 7:01:53
311,オービアン,2019-02-07 7:01:53,2019-02-07 7:01:53
312,オーピー セラピー,2019-02-07 7:01:53,2019-02-07 7:01:53
313,オーブクチュール,2019-02-07 7:01:53,2019-02-07 7:01:53
314,オーブリーオーガニクス,2019-02-07 7:01:53,2019-02-07 7:01:53
315,オーラ,2019-02-07 7:01:53,2019-02-07 7:01:53
316,オーラサイエンス,2019-02-07 7:01:53,2019-02-07 7:01:53
317,オーラツー,2019-02-07 7:01:53,2019-02-07 7:01:53
318,オーリー,2019-02-07 7:01:53,2019-02-07 7:01:53
319,オーロメア,2019-02-07 7:01:53,2019-02-07 7:01:53
320,オキシー,2019-02-07 7:01:53,2019-02-07 7:01:53
321,オザリー,2019-02-07 7:01:53,2019-02-07 7:01:53
322,オスパス,2019-02-07 7:01:53,2019-02-07 7:01:53
323,オッジ,2019-02-07 7:01:53,2019-02-07 7:01:53
324,オトメール,2019-02-07 7:01:53,2019-02-07 7:01:53
325,おはこ,2019-02-07 7:01:53,2019-02-07 7:01:53
326,オバジ,2019-02-07 7:01:53,2019-02-07 7:01:53
327,オフィチナリ・ディ・モンタウト,2019-02-07 7:01:53,2019-02-07 7:01:53
328,オブ コスメティックス,2019-02-07 7:01:53,2019-02-07 7:01:53
329,オペーク,2019-02-07 7:01:53,2019-02-07 7:01:53
330,オペラ,2019-02-07 7:01:53,2019-02-07 7:01:53
331,オミザAGソープ,2019-02-07 7:01:53,2019-02-07 7:01:53
332,オムロン,2019-02-07 7:01:53,2019-02-07 7:01:53
333,オリジンズ,2019-02-07 7:01:53,2019-02-07 7:01:53
334,オリプレ,2019-02-07 7:01:53,2019-02-07 7:01:53
335,オルガニック,2019-02-07 7:01:53,2019-02-07 7:01:53
336,オルビス,2019-02-07 7:01:53,2019-02-07 7:01:53
337,オルラーヌ,2019-02-07 7:01:53,2019-02-07 7:01:53
338,オレイ,2019-02-07 7:01:53,2019-02-07 7:01:53
339,オンディーヌ,2019-02-07 7:01:53,2019-02-07 7:01:53
340,カ,2019-02-07 7:01:53,2019-02-07 7:01:53
341,カークランドシグニチャー,2019-02-07 7:01:53,2019-02-07 7:01:53
342,カースティン・フロリアン,2019-02-07 7:01:53,2019-02-07 7:01:53
343,カイエナジー,2019-02-07 7:01:53,2019-02-07 7:01:53
344,カイラ,2019-02-07 7:01:53,2019-02-07 7:01:53
345,カイリーコスメティックス,2019-02-07 7:01:53,2019-02-07 7:01:53
346,カウシェッド,2019-02-07 7:01:53,2019-02-07 7:01:53
347,カウブランド,2019-02-07 7:01:53,2019-02-07 7:01:53
348,花王,2019-02-07 7:01:53,2019-02-07 7:01:53
349,カツウラ,2019-02-07 7:01:53,2019-02-07 7:01:53
350,カティエ,2019-02-07 7:01:53,2019-02-07 7:01:53
351,カドラ,2019-02-07 7:01:53,2019-02-07 7:01:53
352,カネボウ,2019-02-07 7:01:53,2019-02-07 7:01:53
353,カバーマーク,2019-02-07 7:01:53,2019-02-07 7:01:53
354,カミヤマ美研,2019-02-07 7:01:53,2019-02-07 7:01:53
355,カムリー ビオ ロゼ,2019-02-07 7:01:53,2019-02-07 7:01:53
356,カモケアー,2019-02-07 7:01:53,2019-02-07 7:01:53
357,カラーポップ,2019-02-07 7:01:53,2019-02-07 7:01:53
358,カラノーム,2019-02-07 7:01:53,2019-02-07 7:01:53
359,カリエカリエ,2019-02-07 7:01:53,2019-02-07 7:01:53
360,カリタ,2019-02-07 7:01:53,2019-02-07 7:01:53
361,カリンダ,2019-02-07 7:01:53,2019-02-07 7:01:53
362,カルゴン,2019-02-07 7:01:53,2019-02-07 7:01:53
363,カルジェル,2019-02-07 7:01:53,2019-02-07 7:01:53
364,カルテ クリニティ,2019-02-07 7:01:53,2019-02-07 7:01:53
365,カルトゥージア,2019-02-07 7:01:53,2019-02-07 7:01:53
366,カルバン クライン,2019-02-07 7:01:53,2019-02-07 7:01:53
367,カンタベリーローズ,2019-02-07 7:01:53,2019-02-07 7:01:53
368,ガールアクティック,2019-02-07 7:01:53,2019-02-07 7:01:53
369,ガイアエヌピー,2019-02-07 7:01:53,2019-02-07 7:01:53
370,ガイア ナチュラル ベビー,2019-02-07 7:01:53,2019-02-07 7:01:53
371,ガイア メディ,2019-02-07 7:01:53,2019-02-07 7:01:53
372,ガスール,2019-02-07 7:01:53,2019-02-07 7:01:53
373,ガマルド,2019-02-07 7:01:53,2019-02-07 7:01:53
374,ガミラシークレット,2019-02-07 7:01:53,2019-02-07 7:01:53
375,ガム,2019-02-07 7:01:53,2019-02-07 7:01:53
376,ガレニーク,2019-02-07 7:01:53,2019-02-07 7:01:53
377,キ,2019-02-07 7:01:53,2019-02-07 7:01:53
378,キ,2019-02-07 7:01:53,2019-02-07 7:01:53
379,キアリエ,2019-02-07 7:01:53,2019-02-07 7:01:53
380,キーオ,2019-02-07 7:01:53,2019-02-07 7:01:53
381,キーズ,2019-02-07 7:01:53,2019-02-07 7:01:53
382,キールズ,2019-02-07 7:01:53,2019-02-07 7:01:53
383,菊正宗,2019-02-07 7:01:53,2019-02-07 7:01:53
384,キス,2019-02-07 7:01:53,2019-02-07 7:01:53
385,キスミーフェルム,2019-02-07 7:01:53,2019-02-07 7:01:53
386,キスユー,2019-02-07 7:01:53,2019-02-07 7:01:53
387,キッカ,2019-02-07 7:01:53,2019-02-07 7:01:53
388,キャシーキャット,2019-02-07 7:01:53,2019-02-07 7:01:53
389,キャッティーパーティー,2019-02-07 7:01:53,2019-02-07 7:01:53
390,キャメルアイズ,2019-02-07 7:01:53,2019-02-07 7:01:53
391,キャロルフランク,2019-02-07 7:01:53,2019-02-07 7:01:53
392,キャンキャン,2019-02-07 7:01:53,2019-02-07 7:01:53
393,キャンティ ドーレ,2019-02-07 7:01:53,2019-02-07 7:01:53
394,キャンメイク,2019-02-07 7:01:53,2019-02-07 7:01:53
395,キューサイ,2019-02-07 7:01:53,2019-02-07 7:01:53
396,休足時間,2019-02-07 7:01:53,2019-02-07 7:01:53
397,キューティ,2019-02-07 7:01:53,2019-02-07 7:01:53
398,キラ,2019-02-07 7:01:53,2019-02-07 7:01:53
399,金印,2019-02-07 7:01:53,2019-02-07 7:01:53
400,ギノー,2019-02-07 7:01:53,2019-02-07 7:01:53
401,ギブ＆ギブ,2019-02-07 7:01:53,2019-02-07 7:01:53
402,ギャツビー,2019-02-07 7:01:53,2019-02-07 7:01:53
403,牛乳石鹸,2019-02-07 7:01:53,2019-02-07 7:01:53
404,ク,2019-02-07 7:01:53,2019-02-07 7:01:53
405,クウ,2019-02-07 7:01:53,2019-02-07 7:01:53
406,クシュ,2019-02-07 7:01:53,2019-02-07 7:01:53
407,クナイプ,2019-02-07 7:01:53,2019-02-07 7:01:53
408,熊野化粧筆,2019-02-07 7:01:53,2019-02-07 7:01:53
409,クライミー,2019-02-07 7:01:53,2019-02-07 7:01:53
410,クラシエ,2019-02-07 7:01:53,2019-02-07 7:01:53
411,クラッシィ,2019-02-07 7:01:53,2019-02-07 7:01:53
412,クラランス,2019-02-07 7:01:53,2019-02-07 7:01:53
413,クリアクリーン,2019-02-07 7:01:53,2019-02-07 7:01:53
414,クリアターン,2019-02-07 7:01:53,2019-02-07 7:01:53
415,クリアラスト,2019-02-07 7:01:53,2019-02-07 7:01:53
416,クリーン,2019-02-07 7:01:53,2019-02-07 7:01:53
417,クリオ,2019-02-07 7:01:53,2019-02-07 7:01:53
418,クリスチャン ディオール,2019-02-07 7:01:53,2019-02-07 7:01:53
419,クリスチャンモード,2019-02-07 7:01:53,2019-02-07 7:01:53
420,クリニーク,2019-02-07 7:01:53,2019-02-07 7:01:53
421,クリニエール,2019-02-07 7:01:53,2019-02-07 7:01:53
422,クリヤ,2019-02-07 7:01:53,2019-02-07 7:01:53
423,クルーガーハーブ,2019-02-07 7:01:53,2019-02-07 7:01:53
424,クレア,2019-02-07 7:01:53,2019-02-07 7:01:53
425,クレアラシル,2019-02-07 7:01:53,2019-02-07 7:01:53
426,クレール,2019-02-07 7:01:53,2019-02-07 7:01:53
427,クレオパトラ,2019-02-07 7:01:53,2019-02-07 7:01:53
428,クレ・ド・ポー ボーテ,2019-02-07 7:01:53,2019-02-07 7:01:53
429,クレビュー,2019-02-07 7:01:53,2019-02-07 7:01:53
430,クレンジングリサーチ,2019-02-07 7:01:53,2019-02-07 7:01:53
431,クロエ,2019-02-07 7:01:53,2019-02-07 7:01:53
432,クロガミ,2019-02-07 7:01:53,2019-02-07 7:01:53
433,クロップ,2019-02-07 7:01:53,2019-02-07 7:01:53
434,クロバーコーポレーション,2019-02-07 7:01:53,2019-02-07 7:01:53
435,クロラーヌ,2019-02-07 7:01:53,2019-02-07 7:01:53
436,クヴォンデミニム,2019-02-07 7:01:53,2019-02-07 7:01:53
437,グッチ,2019-02-07 7:01:53,2019-02-07 7:01:53
438,グラッドラッグス,2019-02-07 7:01:53,2019-02-07 7:01:53
439,グラマラス,2019-02-07 7:01:53,2019-02-07 7:01:53
440,グランサンボン,2019-02-07 7:01:53,2019-02-07 7:01:53
441,グランズレメディ,2019-02-07 7:01:53,2019-02-07 7:01:53
442,グリーンノート,2019-02-07 7:01:53,2019-02-07 7:01:53
443,グリッター,2019-02-07 7:01:53,2019-02-07 7:01:53
444,グリナ,2019-02-07 7:01:53,2019-02-07 7:01:53
445,グレ,2019-02-07 7:01:53,2019-02-07 7:01:53
446,グレード,2019-02-07 7:01:53,2019-02-07 7:01:53
447,グロッセ,2019-02-07 7:01:53,2019-02-07 7:01:53
448,ケ,2019-02-07 7:01:53,2019-02-07 7:01:53
449,毛穴撫子,2019-02-07 7:01:53,2019-02-07 7:01:53
450,ケアラボ,2019-02-07 7:01:53,2019-02-07 7:01:53
451,ケイト,2019-02-07 7:01:53,2019-02-07 7:01:53
452,ケイト モス,2019-02-07 7:01:53,2019-02-07 7:01:53
453,ケーパレット,2019-02-07 7:01:53,2019-02-07 7:01:53
454,ケープ,2019-02-07 7:01:53,2019-02-07 7:01:53
455,ケサランパサラン,2019-02-07 7:01:53,2019-02-07 7:01:53
456,ケユカ,2019-02-07 7:01:53,2019-02-07 7:01:53
457,ケラスターゼ,2019-02-07 7:01:53,2019-02-07 7:01:53
458,ケンゾー,2019-02-07 7:01:53,2019-02-07 7:01:53
459,ケント,2019-02-07 7:01:53,2019-02-07 7:01:53
460,ゲーウォール,2019-02-07 7:01:53,2019-02-07 7:01:53
461,ゲットフレッシュ,2019-02-07 7:01:53,2019-02-07 7:01:53
462,ゲラン,2019-02-07 7:01:53,2019-02-07 7:01:53
463,ゲルファミリー,2019-02-07 7:01:53,2019-02-07 7:01:53
464,コ,2019-02-07 7:01:53,2019-02-07 7:01:53
465,コア,2019-02-07 7:01:53,2019-02-07 7:01:53
466,コアレム,2019-02-07 7:01:53,2019-02-07 7:01:53
467,コイズミ,2019-02-07 7:01:53,2019-02-07 7:01:53
468,江原道,2019-02-07 7:01:53,2019-02-07 7:01:53
469,コウンセサン,2019-02-07 7:01:53,2019-02-07 7:01:53
470,コエサム,2019-02-07 7:01:53,2019-02-07 7:01:53
471,コージーコージー,2019-02-07 7:01:53,2019-02-07 7:01:53
472,コージー本舗,2019-02-07 7:01:53,2019-02-07 7:01:53
473,コースト,2019-02-07 7:01:53,2019-02-07 7:01:53
474,コーセー,2019-02-07 7:01:53,2019-02-07 7:01:53
475,コーダリー,2019-02-07 7:01:53,2019-02-07 7:01:53
476,コスメデコルテ,2019-02-07 7:01:53,2019-02-07 7:01:53
477,コタ,2019-02-07 7:01:53,2019-02-07 7:01:53
478,コタ アイケア,2019-02-07 7:01:53,2019-02-07 7:01:53
479,コットン ムーン,2019-02-07 7:01:53,2019-02-07 7:01:53
480,コテ・バスティッド,2019-02-07 7:01:53,2019-02-07 7:01:53
481,コパ・ハイク,2019-02-07 7:01:53,2019-02-07 7:01:53
482,コフレドール,2019-02-07 7:01:53,2019-02-07 7:01:53
483,コラージュ,2019-02-07 7:01:53,2019-02-07 7:01:53
484,コラビクス,2019-02-07 7:01:53,2019-02-07 7:01:53
485,コラントッテ,2019-02-07 7:01:53,2019-02-07 7:01:53
486,コリアナ,2019-02-07 7:01:53,2019-02-07 7:01:53
487,コリー,2019-02-07 7:01:53,2019-02-07 7:01:53
488,コリンヌ・ド・プロヴァンス,2019-02-07 7:01:53,2019-02-07 7:01:53
489,コンフォート パッド,2019-02-07 7:01:53,2019-02-07 7:01:53
490,ゴウシャ,2019-02-07 7:01:53,2019-02-07 7:01:53
491,ゴシッププレス,2019-02-07 7:01:53,2019-02-07 7:01:53
492,サ,2019-02-07 7:01:53,2019-02-07 7:01:53
493,サージェ,2019-02-07 7:01:53,2019-02-07 7:01:53
494,サーマシルク,2019-02-07 7:01:53,2019-02-07 7:01:53
495,サイクリック,2019-02-07 7:01:53,2019-02-07 7:01:53
496,サイセ,2019-02-07 7:01:53,2019-02-07 7:01:53
497,サキナ,2019-02-07 7:01:53,2019-02-07 7:01:53
498,サクセス,2019-02-07 7:01:53,2019-02-07 7:01:53
499,ササワシ,2019-02-07 7:01:53,2019-02-07 7:01:53
500,サティス,2019-02-07 7:01:53,2019-02-07 7:01:53
501,サドングロー,2019-02-07 7:01:53,2019-02-07 7:01:53
502,サナ,2019-02-07 7:01:53,2019-02-07 7:01:53
503,サノフロール,2019-02-07 7:01:53,2019-02-07 7:01:53
504,さ姫,2019-02-07 7:01:53,2019-02-07 7:01:53
505,サベックス,2019-02-07 7:01:53,2019-02-07 7:01:53
506,サボニーズ,2019-02-07 7:01:53,2019-02-07 7:01:53
507,サボン,2019-02-07 7:01:53,2019-02-07 7:01:53
508,サボン・デ・シエスタ,2019-02-07 7:01:53,2019-02-07 7:01:53
509,さらつゆプラス,2019-02-07 7:01:53,2019-02-07 7:01:53
510,サラハップ,2019-02-07 7:01:53,2019-02-07 7:01:53
511,サルヴァトーレ フェラガモ,2019-02-07 7:01:53,2019-02-07 7:01:53
512,サロン ド プロ,2019-02-07 7:01:53,2019-02-07 7:01:53
513,サロンスタイル,2019-02-07 7:01:53,2019-02-07 7:01:53
514,32℃,2019-02-07 7:01:53,2019-02-07 7:01:53
515,サンスター,2019-02-07 7:01:53,2019-02-07 7:01:53
516,サンタマリアノヴェッラ,2019-02-07 7:01:53,2019-02-07 7:01:53
517,サンバリア　100,2019-02-07 7:01:53,2019-02-07 7:01:53
518,サンペレグリノ,2019-02-07 7:01:53,2019-02-07 7:01:53
519,サンリオ,2019-02-07 7:01:53,2019-02-07 7:01:53
520,ザー,2019-02-07 7:01:53,2019-02-07 7:01:53
521,ザ・ツールス,2019-02-07 7:01:53,2019-02-07 7:01:53
522,ザ・フィトンチッド,2019-02-07 7:01:53,2019-02-07 7:01:53
523,ザ・フェイスショップ,2019-02-07 7:01:53,2019-02-07 7:01:53
524,ザ・ボディ＆バスショップ,2019-02-07 7:01:53,2019-02-07 7:01:53
525,ザ ボディショップ,2019-02-07 7:01:53,2019-02-07 7:01:53
526,シ,2019-02-07 7:01:53,2019-02-07 7:01:53
527,しあわせ本舗,2019-02-07 7:01:53,2019-02-07 7:01:53
528,シアンスナチュレル,2019-02-07 7:01:53,2019-02-07 7:01:53
529,シーアンドサン,2019-02-07 7:01:53,2019-02-07 7:01:53
530,シーエーイチマルイチ,2019-02-07 7:01:53,2019-02-07 7:01:53
531,シーエーシー化粧品,2019-02-07 7:01:53,2019-02-07 7:01:53
532,シークレットガーデン,2019-02-07 7:01:53,2019-02-07 7:01:53
533,シーザース ワールド,2019-02-07 7:01:53,2019-02-07 7:01:53
534,シーズー,2019-02-07 7:01:53,2019-02-07 7:01:53
535,シーブリーズ,2019-02-07 7:01:53,2019-02-07 7:01:53
536,シーマ,2019-02-07 7:01:53,2019-02-07 7:01:53
537,シーユーアール,2019-02-07 7:01:53,2019-02-07 7:01:53
538,シーラーデルソルフォーアスリート,2019-02-07 7:01:53,2019-02-07 7:01:53
539,詩麗雅,2019-02-07 7:01:53,2019-02-07 7:01:53
540,シェリキサーポウ,2019-02-07 7:01:53,2019-02-07 7:01:53
541,シェルクルール,2019-02-07 7:01:53,2019-02-07 7:01:53
542,シエル,2019-02-07 7:01:53,2019-02-07 7:01:53
543,シエロ,2019-02-07 7:01:53,2019-02-07 7:01:53
544,塩美人,2019-02-07 7:01:53,2019-02-07 7:01:53
545,シゲタ,2019-02-07 7:01:53,2019-02-07 7:01:53
546,紫根,2019-02-07 7:01:53,2019-02-07 7:01:53
547,シス ナンバー・ナイン,2019-02-07 7:01:53,2019-02-07 7:01:53
548,シスレー,2019-02-07 7:01:53,2019-02-07 7:01:53
549,資生堂,2019-02-07 7:01:53,2019-02-07 7:01:53
550,シセラ,2019-02-07 7:01:53,2019-02-07 7:01:53
551,シティ リップ,2019-02-07 7:01:53,2019-02-07 7:01:53
552,シトロン,2019-02-07 7:01:53,2019-02-07 7:01:53
553,シノワプリュス,2019-02-07 7:01:53,2019-02-07 7:01:53
554,シャインアップ,2019-02-07 7:01:53,2019-02-07 7:01:53
555,シャステート,2019-02-07 7:01:53,2019-02-07 7:01:53
556,シャネル,2019-02-07 7:01:53,2019-02-07 7:01:53
557,シャンソン化粧品,2019-02-07 7:01:53,2019-02-07 7:01:53
558,シャンタル・トーマス,2019-02-07 7:01:53,2019-02-07 7:01:53
559,シュウウエムラ,2019-02-07 7:01:53,2019-02-07 7:01:53
560,シュガー,2019-02-07 7:01:53,2019-02-07 7:01:53
561,シュプール,2019-02-07 7:01:53,2019-02-07 7:01:53
562,シュワルツコフ,2019-02-07 7:01:53,2019-02-07 7:01:53
563,シュンビソウ,2019-02-07 7:01:53,2019-02-07 7:01:53
564,シルク ミュージアム ヨコハマ,2019-02-07 7:01:53,2019-02-07 7:01:53
565,シロ,2019-02-07 7:01:53,2019-02-07 7:01:53
566,深花,2019-02-07 7:01:53,2019-02-07 7:01:53
567,新日本製薬,2019-02-07 7:01:53,2019-02-07 7:01:53
568,シンビ ジャパン,2019-02-07 7:01:53,2019-02-07 7:01:53
569,シン ピュルテ,2019-02-07 7:01:53,2019-02-07 7:01:53
570,シンプリス,2019-02-07 7:01:53,2019-02-07 7:01:53
571,ジアジャ,2019-02-07 7:01:53,2019-02-07 7:01:53
572,ジーエー,2019-02-07 7:01:53,2019-02-07 7:01:53
573,ジージー・シーシー,2019-02-07 7:01:53,2019-02-07 7:01:53
574,ジートゥ,2019-02-07 7:01:53,2019-02-07 7:01:53
575,ジーニー,2019-02-07 7:01:53,2019-02-07 7:01:53
576,ジェーカサノバ,2019-02-07 7:01:53,2019-02-07 7:01:53
577,ジェイジェイ,2019-02-07 7:01:53,2019-02-07 7:01:53
578,ジェイソン,2019-02-07 7:01:53,2019-02-07 7:01:53
579,ジェイ デルポゾ,2019-02-07 7:01:53,2019-02-07 7:01:53
580,ジェーシープログラム,2019-02-07 7:01:53,2019-02-07 7:01:53
581,ジェオマール,2019-02-07 7:01:53,2019-02-07 7:01:53
582,ジェシーズフェイバリッツ,2019-02-07 7:01:53,2019-02-07 7:01:53
583,ジェシカ,2019-02-07 7:01:53,2019-02-07 7:01:53
584,ジェット,2019-02-07 7:01:53,2019-02-07 7:01:53
585,ジェナティック,2019-02-07 7:01:53,2019-02-07 7:01:53
586,ジェパーリー,2019-02-07 7:01:53,2019-02-07 7:01:53
587,ジェフリーフルビマーリ,2019-02-07 7:01:53,2019-02-07 7:01:53
588,ジェムケリー,2019-02-07 7:01:53,2019-02-07 7:01:53
589,自生秀,2019-02-07 7:01:53,2019-02-07 7:01:53
590,ジゼル,2019-02-07 7:01:53,2019-02-07 7:01:53
591,ジッパー,2019-02-07 7:01:53,2019-02-07 7:01:53
592,ジバンシー,2019-02-07 7:01:53,2019-02-07 7:01:53
593,ジャンニ ヴェルサーチ,2019-02-07 7:01:53,2019-02-07 7:01:53
594,ジャンヌ アルテス,2019-02-07 7:01:53,2019-02-07 7:01:53
595,ジャン ポール ゴルチエ,2019-02-07 7:01:53,2019-02-07 7:01:53
596,ジュース ビューティ,2019-02-07 7:01:53,2019-02-07 7:01:53
597,ジュエティ,2019-02-07 7:01:53,2019-02-07 7:01:53
598,ジュスティーヌ,2019-02-07 7:01:53,2019-02-07 7:01:53
599,ジュナシス,2019-02-07 7:01:53,2019-02-07 7:01:53
600,ジュビラン,2019-02-07 7:01:53,2019-02-07 7:01:53
601,ジュブリー,2019-02-07 7:01:53,2019-02-07 7:01:53
602,ジュランジェ,2019-02-07 7:01:53,2019-02-07 7:01:53
603,ジュリーク,2019-02-07 7:01:53,2019-02-07 7:01:53
604,ジュレリッチ,2019-02-07 7:01:53,2019-02-07 7:01:53
605,ジュンコ クラッシック,2019-02-07 7:01:53,2019-02-07 7:01:53
606,ジョーバン,2019-02-07 7:01:53,2019-02-07 7:01:53
607,ジョー マローン ロンドン,2019-02-07 7:01:53,2019-02-07 7:01:53
608,ジョバンニ,2019-02-07 7:01:53,2019-02-07 7:01:53
609,ジョルジオ アルマーニ,2019-02-07 7:01:53,2019-02-07 7:01:53
610,ジョンソン・エンド・ジョンソン,2019-02-07 7:01:53,2019-02-07 7:01:53
611,ジョンソンベビー,2019-02-07 7:01:53,2019-02-07 7:01:53
612,ジョンマスターオーガニック,2019-02-07 7:01:53,2019-02-07 7:01:53
613,ジルカンチュエル,2019-02-07 7:01:53,2019-02-07 7:01:53
614,ジル スチュアート,2019-02-07 7:01:53,2019-02-07 7:01:53
615,ス,2019-02-07 7:01:53,2019-02-07 7:01:53
616,スィートコットン,2019-02-07 7:01:53,2019-02-07 7:01:53
617,スイーツケア,2019-02-07 7:01:53,2019-02-07 7:01:53
618,スイサイ,2019-02-07 7:01:53,2019-02-07 7:01:53
619,スウィーツ スウィーツ,2019-02-07 7:01:53,2019-02-07 7:01:53
620,スウィート,2019-02-07 7:01:53,2019-02-07 7:01:53
621,スーザンポスニック,2019-02-07 7:01:53,2019-02-07 7:01:53
622,スージーニューヨーク,2019-02-07 7:01:53,2019-02-07 7:01:53
623,スーパースマイル,2019-02-07 7:01:53,2019-02-07 7:01:53
624,スエ,2019-02-07 7:01:53,2019-02-07 7:01:53
625,スカリーズ,2019-02-07 7:01:53,2019-02-07 7:01:53
626,スカルプD,2019-02-07 7:01:53,2019-02-07 7:01:53
627,スキンアクア,2019-02-07 7:01:53,2019-02-07 7:01:53
628,スキン ウィズイン,2019-02-07 7:01:53,2019-02-07 7:01:53
629,スキン・シューティカルズ,2019-02-07 7:01:53,2019-02-07 7:01:53
630,スキンフード,2019-02-07 7:01:53,2019-02-07 7:01:53
631,スキンライフ,2019-02-07 7:01:53,2019-02-07 7:01:53
632,スクワール,2019-02-07 7:01:53,2019-02-07 7:01:53
633,スターオブザカラー,2019-02-07 7:01:53,2019-02-07 7:01:53
634,スティーブンノル,2019-02-07 7:01:53,2019-02-07 7:01:53
635,スティラ,2019-02-07 7:01:53,2019-02-07 7:01:53
636,ステディ,2019-02-07 7:01:53,2019-02-07 7:01:53
637,ステラシード,2019-02-07 7:01:53,2019-02-07 7:01:53
638,ストーリィ,2019-02-07 7:01:53,2019-02-07 7:01:53
639,ストリップ,2019-02-07 7:01:53,2019-02-07 7:01:53
640,ストローラー,2019-02-07 7:01:53,2019-02-07 7:01:53
641,スナオクワハラ,2019-02-07 7:01:53,2019-02-07 7:01:53
642,スノーヴァ,2019-02-07 7:01:53,2019-02-07 7:01:53
643,素肌畑,2019-02-07 7:01:53,2019-02-07 7:01:53
644,スパ,2019-02-07 7:01:53,2019-02-07 7:01:53
645,スパトリートメント,2019-02-07 7:01:53,2019-02-07 7:01:53
646,スパリチュアル,2019-02-07 7:01:53,2019-02-07 7:01:53
647,スピック,2019-02-07 7:01:53,2019-02-07 7:01:53
648,スプリング,2019-02-07 7:01:53,2019-02-07 7:01:53
649,スマイリング ブルー,2019-02-07 7:01:53,2019-02-07 7:01:53
650,スマイル,2019-02-07 7:01:53,2019-02-07 7:01:53
651,スマイルプライス,2019-02-07 7:01:53,2019-02-07 7:01:53
652,スマッシュ ボックス,2019-02-07 7:01:53,2019-02-07 7:01:53
653,スム37°,2019-02-07 7:01:53,2019-02-07 7:01:53
654,スリーシーイー,2019-02-07 7:01:53,2019-02-07 7:01:53
655,スリー,2019-02-07 7:01:53,2019-02-07 7:01:53
656,スリーエム,2019-02-07 7:01:53,2019-02-07 7:01:53
657,スリージーケアー,2019-02-07 7:01:53,2019-02-07 7:01:53
658,スンダリ,2019-02-07 7:01:53,2019-02-07 7:01:53
659,ズィー ビガッティ,2019-02-07 7:01:53,2019-02-07 7:01:53
660,セ,2019-02-07 7:01:53,2019-02-07 7:01:53
661,セアージュ,2019-02-07 7:01:53,2019-02-07 7:01:53
662,セイイチ カナイ,2019-02-07 7:01:53,2019-02-07 7:01:53
663,生活の木,2019-02-07 7:01:53,2019-02-07 7:01:53
664,セイコー,2019-02-07 7:01:53,2019-02-07 7:01:53
665,セイヤーズ,2019-02-07 7:01:53,2019-02-07 7:01:53
666,セージ,2019-02-07 7:01:53,2019-02-07 7:01:53
667,セザンヌ,2019-02-07 7:01:53,2019-02-07 7:01:53
668,セシェ,2019-02-07 7:01:53,2019-02-07 7:01:53
669,雪肌粋,2019-02-07 7:01:53,2019-02-07 7:01:53
670,雪肌精,2019-02-07 7:01:53,2019-02-07 7:01:53
671,セフィーヌ,2019-02-07 7:01:53,2019-02-07 7:01:53
672,セフォラ,2019-02-07 7:01:53,2019-02-07 7:01:53
673,セフテイ,2019-02-07 7:01:53,2019-02-07 7:01:53
674,セブンツーセブン,2019-02-07 7:01:53,2019-02-07 7:01:53
675,セブンティーン,2019-02-07 7:01:53,2019-02-07 7:01:53
676,セブンディー,2019-02-07 7:01:53,2019-02-07 7:01:53
677,セラ,2019-02-07 7:01:53,2019-02-07 7:01:53
678,セラ,2019-02-07 7:01:53,2019-02-07 7:01:53
679,セラウス,2019-02-07 7:01:53,2019-02-07 7:01:53
680,セラムデュー,2019-02-07 7:01:53,2019-02-07 7:01:53
681,セリーヌ,2019-02-07 7:01:53,2019-02-07 7:01:53
682,セリス,2019-02-07 7:01:53,2019-02-07 7:01:53
683,セルケア,2019-02-07 7:01:53,2019-02-07 7:01:53
684,セルコスメ,2019-02-07 7:01:53,2019-02-07 7:01:53
685,セルバンク,2019-02-07 7:01:53,2019-02-07 7:01:53
686,セルフュージョンシー,2019-02-07 7:01:53,2019-02-07 7:01:53
687,セレヴィーナ,2019-02-07 7:01:53,2019-02-07 7:01:53
688,セレスシャルセンツ,2019-02-07 7:01:53,2019-02-07 7:01:53
689,セレブ,2019-02-07 7:01:53,2019-02-07 7:01:53
690,洗顔専科,2019-02-07 7:01:53,2019-02-07 7:01:53
691,センスネイチャー,2019-02-07 7:01:53,2019-02-07 7:01:53
692,センセイシャ ボタニカルズ,2019-02-07 7:01:53,2019-02-07 7:01:53
693,センチュリー,2019-02-07 7:01:53,2019-02-07 7:01:53
694,セント ジェームス,2019-02-07 7:01:53,2019-02-07 7:01:53
695,せんねん灸,2019-02-07 7:01:53,2019-02-07 7:01:53
696,ゼニア ピーエイチシー,2019-02-07 7:01:53,2019-02-07 7:01:53
697,ソ,2019-02-07 7:01:53,2019-02-07 7:01:53
698,ソウ アカダ,2019-02-07 7:01:53,2019-02-07 7:01:53
699,ソウカモッカ,2019-02-07 7:01:53,2019-02-07 7:01:53
700,そうび,2019-02-07 7:01:53,2019-02-07 7:01:53
701,ソーソーロ,2019-02-07 7:01:53,2019-02-07 7:01:53
702,ソティス,2019-02-07 7:01:53,2019-02-07 7:01:53
703,ソニア リキエル,2019-02-07 7:01:53,2019-02-07 7:01:53
704,ソノコ,2019-02-07 7:01:53,2019-02-07 7:01:53
705,ソフィーナ,2019-02-07 7:01:53,2019-02-07 7:01:53
706,ソフィーナグレイス,2019-02-07 7:01:53,2019-02-07 7:01:53
707,ソフィーナ ボーテ,2019-02-07 7:01:53,2019-02-07 7:01:53
708,ソフティモ,2019-02-07 7:01:53,2019-02-07 7:01:53
709,ソフトソープ,2019-02-07 7:01:53,2019-02-07 7:01:53
710,ソヤファーム,2019-02-07 7:01:53,2019-02-07 7:01:53
711,ソラレー,2019-02-07 7:01:53,2019-02-07 7:01:53
712,雪花秀,2019-02-07 7:01:53,2019-02-07 7:01:53
713,ソレオ オーガニックス,2019-02-07 7:01:53,2019-02-07 7:01:53
714,ゾエ,2019-02-07 7:01:53,2019-02-07 7:01:53
715,ゾ,2019-02-07 7:01:53,2019-02-07 7:01:53
716,ゾーヤ,2019-02-07 7:01:53,2019-02-07 7:01:53
717,タ,2019-02-07 7:01:53,2019-02-07 7:01:53
718,ターゲット,2019-02-07 7:01:53,2019-02-07 7:01:53
719,大正,2019-02-07 7:01:53,2019-02-07 7:01:53
720,大正製薬,2019-02-07 7:01:53,2019-02-07 7:01:53
721,タイムアンドスペース,2019-02-07 7:01:53,2019-02-07 7:01:53
722,タウトロッフェン,2019-02-07 7:01:53,2019-02-07 7:01:53
723,タウハウス,2019-02-07 7:01:53,2019-02-07 7:01:53
724,タカミ,2019-02-07 7:01:53,2019-02-07 7:01:53
725,多蘂,2019-02-07 7:01:53,2019-02-07 7:01:53
726,タッチ,2019-02-07 7:01:53,2019-02-07 7:01:53
727,タテガミ,2019-02-07 7:01:53,2019-02-07 7:01:53
728,タリカ,2019-02-07 7:01:53,2019-02-07 7:01:53
729,タルト,2019-02-07 7:01:53,2019-02-07 7:01:53
730,タン,2019-02-07 7:01:53,2019-02-07 7:01:53
731,ダーマE,2019-02-07 7:01:53,2019-02-07 7:01:53
732,ダーマロジカ,2019-02-07 7:01:53,2019-02-07 7:01:53
733,ダイアル,2019-02-07 7:01:53,2019-02-07 7:01:53
734,第一三共ヘルスケア,2019-02-07 7:01:53,2019-02-07 7:01:53
735,ダイラ,2019-02-07 7:01:53,2019-02-07 7:01:53
736,ダソダ,2019-02-07 7:01:53,2019-02-07 7:01:53
737,ダドセンス,2019-02-07 7:01:53,2019-02-07 7:01:53
738,ダナエ,2019-02-07 7:01:53,2019-02-07 7:01:53
739,ダビドフ,2019-02-07 7:01:53,2019-02-07 7:01:53
740,ダブルリッチ,2019-02-07 7:01:53,2019-02-07 7:01:53
741,ダリヤ,2019-02-07 7:01:53,2019-02-07 7:01:53
742,ダンヒル,2019-02-07 7:01:53,2019-02-07 7:01:53
743,ダヴ,2019-02-07 7:01:53,2019-02-07 7:01:53
744,チ,2019-02-07 7:01:53,2019-02-07 7:01:53
745,チェリッシュ,2019-02-07 7:01:53,2019-02-07 7:01:53
746,チェルラー,2019-02-07 7:01:53,2019-02-07 7:01:53
747,チコニア,2019-02-07 7:01:53,2019-02-07 7:01:53
748,チコリ,2019-02-07 7:01:53,2019-02-07 7:01:53
749,チタニア,2019-02-07 7:01:53,2019-02-07 7:01:53
750,ちふれ,2019-02-07 7:01:53,2019-02-07 7:01:53
751,チャームネイル,2019-02-07 7:01:53,2019-02-07 7:01:53
752,チャーリー,2019-02-07 7:01:53,2019-02-07 7:01:53
753,チャアンドパク,2019-02-07 7:01:53,2019-02-07 7:01:53
754,チャコット フォー プロフェッショナルズ,2019-02-07 7:01:53,2019-02-07 7:01:53
755,茶宝,2019-02-07 7:01:53,2019-02-07 7:01:53
756,チャスティ,2019-02-07 7:01:53,2019-02-07 7:01:53
757,チューンメーカーズ,2019-02-07 7:01:53,2019-02-07 7:01:53
758,ツ,2019-02-07 7:01:53,2019-02-07 7:01:53
759,ツイーザーマン,2019-02-07 7:01:53,2019-02-07 7:01:53
760,ツバキ,2019-02-07 7:01:53,2019-02-07 7:01:53
761,鶴米,2019-02-07 7:01:53,2019-02-07 7:01:53
762,ツルリ,2019-02-07 7:01:53,2019-02-07 7:01:53
763,テ,2019-02-07 7:01:53,2019-02-07 7:01:53
764,ティアラビジュ,2019-02-07 7:01:53,2019-02-07 7:01:53
765,ティアリー,2019-02-07 7:01:53,2019-02-07 7:01:53
766,ティーエフシー,2019-02-07 7:01:53,2019-02-07 7:01:53
767,ティーティーエス,2019-02-07 7:01:53,2019-02-07 7:01:53
768,ティナント,2019-02-07 7:01:53,2019-02-07 7:01:53
769,ティービーシー,2019-02-07 7:01:53,2019-02-07 7:01:53
770,ティファニー,2019-02-07 7:01:53,2019-02-07 7:01:53
771,ティヤ,2019-02-07 7:01:53,2019-02-07 7:01:53
772,ティンタウニータ,2019-02-07 7:01:53,2019-02-07 7:01:53
773,テテュス,2019-02-07 7:01:53,2019-02-07 7:01:53
774,テラクオーレ,2019-02-07 7:01:53,2019-02-07 7:01:53
775,ディアナチュラ,2019-02-07 7:01:53,2019-02-07 7:01:53
776,ディアマンセル,2019-02-07 7:01:53,2019-02-07 7:01:53
777,ディアモール,2019-02-07 7:01:53,2019-02-07 7:01:53
778,ディーアップ,2019-02-07 7:01:53,2019-02-07 7:01:53
779,ディーエイチシー,2019-02-07 7:01:53,2019-02-07 7:01:53
780,ディーエクストラ,2019-02-07 7:01:53,2019-02-07 7:01:53
781,ディーセス,2019-02-07 7:01:53,2019-02-07 7:01:53
782,ディーフォー,2019-02-07 7:01:53,2019-02-07 7:01:53
783,ディープクチャ,2019-02-07 7:01:53,2019-02-07 7:01:53
784,ディープスティープ,2019-02-07 7:01:53,2019-02-07 7:01:53
785,ディープログラム,2019-02-07 7:01:53,2019-02-07 7:01:53
786,ディセンシア,2019-02-07 7:01:53,2019-02-07 7:01:53
787,ディフ ストーリー,2019-02-07 7:01:53,2019-02-07 7:01:53
788,ディフレスカ,2019-02-07 7:01:53,2019-02-07 7:01:53
789,ディプティック,2019-02-07 7:01:53,2019-02-07 7:01:53
790,デヴィッド ベッカム,2019-02-07 7:01:53,2019-02-07 7:01:53
791,デエス,2019-02-07 7:01:53,2019-02-07 7:01:53
792,デオナチュレ,2019-02-07 7:01:53,2019-02-07 7:01:53
793,デクレオール,2019-02-07 7:01:53,2019-02-07 7:01:53
794,デザートエッセンス,2019-02-07 7:01:53,2019-02-07 7:01:53
795,デジャヴュ,2019-02-07 7:01:53,2019-02-07 7:01:53
796,デ・トレイ,2019-02-07 7:01:53,2019-02-07 7:01:53
797,デフィ,2019-02-07 7:01:53,2019-02-07 7:01:53
798,デボラリップマン,2019-02-07 7:01:53,2019-02-07 7:01:53
799,デ ボンヌ,2019-02-07 7:01:53,2019-02-07 7:01:53
800,デュウ,2019-02-07 7:01:53,2019-02-07 7:01:53
801,デューサー,2019-02-07 7:01:53,2019-02-07 7:01:53
802,デューティー,2019-02-07 7:01:53,2019-02-07 7:01:53
803,デュオ,2019-02-07 7:01:53,2019-02-07 7:01:53
804,デュフラ,2019-02-07 7:01:53,2019-02-07 7:01:53
805,デュランス,2019-02-07 7:01:53,2019-02-07 7:01:53
806,デリエ,2019-02-07 7:01:53,2019-02-07 7:01:53
807,デルベ,2019-02-07 7:01:53,2019-02-07 7:01:53
808,デルマビジュアルズ,2019-02-07 7:01:53,2019-02-07 7:01:53
809,デロン,2019-02-07 7:01:53,2019-02-07 7:01:53
810,デ,2019-02-07 7:01:53,2019-02-07 7:01:53
811,デュカート,2019-02-07 7:01:53,2019-02-07 7:01:53
812,ト,2019-02-07 7:01:53,2019-02-07 7:01:53
813,トゥイ,2019-02-07 7:01:53,2019-02-07 7:01:53
814,トゥイバーム&ワックス,2019-02-07 7:01:53,2019-02-07 7:01:53
815,トゥインクルパフ,2019-02-07 7:01:53,2019-02-07 7:01:53
816,トゥインクルビー,2019-02-07 7:01:53,2019-02-07 7:01:53
817,トゥータ.,2019-02-07 7:01:53,2019-02-07 7:01:53
818,トゥー ザ シーン,2019-02-07 7:01:53,2019-02-07 7:01:53
819,トゥーフェイス,2019-02-07 7:01:53,2019-02-07 7:01:53
820,トゥルー,2019-02-07 7:01:53,2019-02-07 7:01:53
821,トゥルーカバー,2019-02-07 7:01:53,2019-02-07 7:01:53
822,東京大学コミュニケーションセンター,2019-02-07 7:01:53,2019-02-07 7:01:53
823,トウス,2019-02-07 7:01:53,2019-02-07 7:01:53
824,豆腐の盛田屋,2019-02-07 7:01:53,2019-02-07 7:01:53
825,トープラン,2019-02-07 7:01:53,2019-02-07 7:01:53
826,トーン,2019-02-07 7:01:53,2019-02-07 7:01:53
827,土佐龍,2019-02-07 7:01:53,2019-02-07 7:01:53
828,トダコサ,2019-02-07 7:01:53,2019-02-07 7:01:53
829,トミー ヒルフィガー,2019-02-07 7:01:53,2019-02-07 7:01:53
830,トムフォードビューティ,2019-02-07 7:01:53,2019-02-07 7:01:53
831,トモノ,2019-02-07 7:01:53,2019-02-07 7:01:53
832,トラサルディ,2019-02-07 7:01:53,2019-02-07 7:01:53
833,トラシメーノ,2019-02-07 7:01:53,2019-02-07 7:01:53
834,トランスダーマ,2019-02-07 7:01:53,2019-02-07 7:01:53
835,トリシャンティ,2019-02-07 7:01:53,2019-02-07 7:01:53
836,トリニティーライン,2019-02-07 7:01:53,2019-02-07 7:01:53
837,トリム,2019-02-07 7:01:53,2019-02-07 7:01:53
838,トリロジー,2019-02-07 7:01:53,2019-02-07 7:01:53
839,トレセメ,2019-02-07 7:01:53,2019-02-07 7:01:53
840,トレフル,2019-02-07 7:01:53,2019-02-07 7:01:53
841,トワニー,2019-02-07 7:01:53,2019-02-07 7:01:53
842,トヴァ,2019-02-07 7:01:53,2019-02-07 7:01:53
843,ドゥーエ,2019-02-07 7:01:53,2019-02-07 7:01:53
844,ドゥーミー,2019-02-07 7:01:53,2019-02-07 7:01:53
845,ドーリーウインク,2019-02-07 7:01:53,2019-02-07 7:01:53
846,ドクターペリコンMD,2019-02-07 7:01:53,2019-02-07 7:01:53
847,ドクターエイチアンドエイチ,2019-02-07 7:01:53,2019-02-07 7:01:53
848,ドクターエルウィン,2019-02-07 7:01:53,2019-02-07 7:01:53
849,ドクターカナコ,2019-02-07 7:01:53,2019-02-07 7:01:53
850,ドクターシーラボ,2019-02-07 7:01:53,2019-02-07 7:01:53
851,ドクタータカハマ,2019-02-07 7:01:53,2019-02-07 7:01:53
852,ドクターノヴェル,2019-02-07 7:01:53,2019-02-07 7:01:53
853,ドクター ブロナー,2019-02-07 7:01:53,2019-02-07 7:01:53
854,ドクター ミネラル,2019-02-07 7:01:53,2019-02-07 7:01:53
855,ドクターラッシュアンプル,2019-02-07 7:01:53,2019-02-07 7:01:53
856,ドフー,2019-02-07 7:01:53,2019-02-07 7:01:53
857,ドモホルンリンクル,2019-02-07 7:01:53,2019-02-07 7:01:53
858,ド,2019-02-07 7:01:53,2019-02-07 7:01:53
859,Dr.ハウシュカ,2019-02-07 7:01:53,2019-02-07 7:01:53
860,ドクターリセラ,2019-02-07 7:01:53,2019-02-07 7:01:53
861,ナ,2019-02-07 7:01:53,2019-02-07 7:01:53
862,ナーズ,2019-02-07 7:01:53,2019-02-07 7:01:53
863,ナーセリー,2019-02-07 7:01:53,2019-02-07 7:01:53
864,ナイアード,2019-02-07 7:01:53,2019-02-07 7:01:53
865,ナイーブ,2019-02-07 7:01:53,2019-02-07 7:01:53
866,ナオエッセンス,2019-02-07 7:01:53,2019-02-07 7:01:53
867,ナカノ,2019-02-07 7:01:53,2019-02-07 7:01:53
868,ナカノ スタイリング,2019-02-07 7:01:53,2019-02-07 7:01:53
869,ナジャペレーネ,2019-02-07 7:01:53,2019-02-07 7:01:53
870,ナソニマ,2019-02-07 7:01:53,2019-02-07 7:01:53
871,ナチュムラコスメティクス,2019-02-07 7:01:53,2019-02-07 7:01:53
872,ナチュラ,2019-02-07 7:01:53,2019-02-07 7:01:53
873,ナチュラグラッセ,2019-02-07 7:01:53,2019-02-07 7:01:53
874,ナチュラ ビセ,2019-02-07 7:01:53,2019-02-07 7:01:53
875,ナチュラム,2019-02-07 7:01:53,2019-02-07 7:01:53
876,ナチュラルコスメティクスバー,2019-02-07 7:01:53,2019-02-07 7:01:53
877,ナチュラルタッチ,2019-02-07 7:01:53,2019-02-07 7:01:53
878,ナチュラル ビューティー,2019-02-07 7:01:53,2019-02-07 7:01:53
879,ナチュリエ,2019-02-07 7:01:53,2019-02-07 7:01:53
880,ナチュレンス,2019-02-07 7:01:53,2019-02-07 7:01:53
881,ナノアクア,2019-02-07 7:01:53,2019-02-07 7:01:53
882,ナプラ,2019-02-07 7:01:53,2019-02-07 7:01:53
883,ナ ホオラ,2019-02-07 7:01:53,2019-02-07 7:01:53
884,ナマチェコ,2019-02-07 7:01:53,2019-02-07 7:01:53
885,菜実果,2019-02-07 7:01:53,2019-02-07 7:01:53
886,ナリス,2019-02-07 7:01:53,2019-02-07 7:01:53
887,ナンバースリー,2019-02-07 7:01:53,2019-02-07 7:01:53
888,ニ,2019-02-07 7:01:53,2019-02-07 7:01:53
889,ニールズヤード レメディーズ,2019-02-07 7:01:53,2019-02-07 7:01:53
890,ニコス,2019-02-07 7:01:53,2019-02-07 7:01:53
891,ニジュウヨンエイチコスメ,2019-02-07 7:01:53,2019-02-07 7:01:53
892,ニチエー,2019-02-07 7:01:53,2019-02-07 7:01:53
893,ニッタバイオラボ,2019-02-07 7:01:53,2019-02-07 7:01:53
894,ニッピコラーゲン,2019-02-07 7:01:53,2019-02-07 7:01:53
895,日本香堂,2019-02-07 7:01:53,2019-02-07 7:01:53
896,日本ドラッグチェーン,2019-02-07 7:01:53,2019-02-07 7:01:53
897,ニナ リッチ,2019-02-07 7:01:53,2019-02-07 7:01:53
898,ニベア,2019-02-07 7:01:53,2019-02-07 7:01:53
899,ニベアメン,2019-02-07 7:01:53,2019-02-07 7:01:53
900,ニュー・サイエンス,2019-02-07 7:01:53,2019-02-07 7:01:53
901,ニューザックコスメ,2019-02-07 7:01:53,2019-02-07 7:01:53
902,ニュートロジーナ,2019-02-07 7:01:53,2019-02-07 7:01:53
903,ニューヨークカラー,2019-02-07 7:01:53,2019-02-07 7:01:53
904,ニュクス,2019-02-07 7:01:53,2019-02-07 7:01:53
905,ヌ,2019-02-07 7:01:53,2019-02-07 7:01:53
906,ヌイ,2019-02-07 7:01:53,2019-02-07 7:01:53
907,ヌー,2019-02-07 7:01:53,2019-02-07 7:01:53
908,ヌーディモア,2019-02-07 7:01:53,2019-02-07 7:01:53
909,ヌード,2019-02-07 7:01:53,2019-02-07 7:01:53
910,ネ,2019-02-07 7:01:53,2019-02-07 7:01:53
911,ネイチャーアンドコー,2019-02-07 7:01:53,2019-02-07 7:01:53
912,ネイチャーズゲート,2019-02-07 7:01:53,2019-02-07 7:01:53
913,ネイティブワークス,2019-02-07 7:01:53,2019-02-07 7:01:53
914,ネイルテック,2019-02-07 7:01:53,2019-02-07 7:01:53
915,ネイルネイル,2019-02-07 7:01:53,2019-02-07 7:01:53
916,ネイルホリック,2019-02-07 7:01:53,2019-02-07 7:01:53
917,ネイル マックス,2019-02-07 7:01:53,2019-02-07 7:01:53
918,ネイルヴィーナス,2019-02-07 7:01:53,2019-02-07 7:01:53
919,ネオストラータ,2019-02-07 7:01:53,2019-02-07 7:01:53
920,ネオセル,2019-02-07 7:01:53,2019-02-07 7:01:53
921,ネスノ,2019-02-07 7:01:53,2019-02-07 7:01:53
922,ねば塾,2019-02-07 7:01:53,2019-02-07 7:01:53
923,ノ,2019-02-07 7:01:53,2019-02-07 7:01:53
924,ノーザンライト,2019-02-07 7:01:53,2019-02-07 7:01:53
925,ノーマディック,2019-02-07 7:01:53,2019-02-07 7:01:53
926,ノーミス・ネイルケア,2019-02-07 7:01:53,2019-02-07 7:01:53
927,ノブ,2019-02-07 7:01:53,2019-02-07 7:01:53
928,ノムバラ,2019-02-07 7:01:53,2019-02-07 7:01:53
929,野本建設,2019-02-07 7:01:53,2019-02-07 7:01:53
930,ノルディック ナチュラルズ,2019-02-07 7:01:53,2019-02-07 7:01:53
931,ノンノ,2019-02-07 7:01:53,2019-02-07 7:01:53
932,ノンペレール,2019-02-07 7:01:53,2019-02-07 7:01:53
933,ハ,2019-02-07 7:01:53,2019-02-07 7:01:53
934,ハーチュリー,2019-02-07 7:01:53,2019-02-07 7:01:53
935,ハートヘルスヒーリング,2019-02-07 7:01:53,2019-02-07 7:01:53
936,ハード キャンディ,2019-02-07 7:01:53,2019-02-07 7:01:53
937,ハーバシン,2019-02-07 7:01:53,2019-02-07 7:01:53
938,ハーバルエッセンス,2019-02-07 7:01:53,2019-02-07 7:01:53
939,ハーバルライフ,2019-02-07 7:01:53,2019-02-07 7:01:53
940,ハーブ化粧品,2019-02-07 7:01:53,2019-02-07 7:01:53
941,ハーン,2019-02-07 7:01:53,2019-02-07 7:01:53
942,ハウスオブローゼ,2019-02-07 7:01:53,2019-02-07 7:01:53
943,ハギナ,2019-02-07 7:01:53,2019-02-07 7:01:53
944,ハク,2019-02-07 7:01:53,2019-02-07 7:01:53
945,はくら,2019-02-07 7:01:53,2019-02-07 7:01:53
946,ハグラグ,2019-02-07 7:01:53,2019-02-07 7:01:53
947,肌水,2019-02-07 7:01:53,2019-02-07 7:01:53
948,肌美精,2019-02-07 7:01:53,2019-02-07 7:01:53
949,肌ラボ,2019-02-07 7:01:53,2019-02-07 7:01:53
950,ハチリショップ,2019-02-07 7:01:53,2019-02-07 7:01:53
951,ハッピー チョイス,2019-02-07 7:01:53,2019-02-07 7:01:53
952,ハナ イシュル,2019-02-07 7:01:53,2019-02-07 7:01:53
953,花牌,2019-02-07 7:01:53,2019-02-07 7:01:53
954,ハホニコ,2019-02-07 7:01:53,2019-02-07 7:01:53
955,ハワイアン バスアンドボディ,2019-02-07 7:01:53,2019-02-07 7:01:53
956,ハンソルバイオ,2019-02-07 7:01:53,2019-02-07 7:01:53
957,バーバリー,2019-02-07 7:01:53,2019-02-07 7:01:53
958,バーン ショウー,2019-02-07 7:01:53,2019-02-07 7:01:53
959,バイオ,2019-02-07 7:01:53,2019-02-07 7:01:53
960,バイオイル,2019-02-07 7:01:53,2019-02-07 7:01:53
961,バイオイル,2019-02-07 7:01:53,2019-02-07 7:01:53
962,バイオエッセンス,2019-02-07 7:01:53,2019-02-07 7:01:53
963,バイオキュー,2019-02-07 7:01:53,2019-02-07 7:01:53
964,バイオシルク,2019-02-07 7:01:53,2019-02-07 7:01:53
965,バイオプログラミング,2019-02-07 7:01:53,2019-02-07 7:01:53
966,バイラ,2019-02-07 7:01:53,2019-02-07 7:01:53
967,バジャー,2019-02-07 7:01:53,2019-02-07 7:01:53
968,バス,2019-02-07 7:01:53,2019-02-07 7:01:53
969,バスイング,2019-02-07 7:01:53,2019-02-07 7:01:53
970,バスク,2019-02-07 7:01:53,2019-02-07 7:01:53
971,バニー,2019-02-07 7:01:53,2019-02-07 7:01:53
972,バニラ ブランシェ,2019-02-07 7:01:53,2019-02-07 7:01:53
973,バブー,2019-02-07 7:01:53,2019-02-07 7:01:53
974,バボール,2019-02-07 7:01:53,2019-02-07 7:01:53
975,ばら園,2019-02-07 7:01:53,2019-02-07 7:01:53
976,バリアリペア,2019-02-07 7:01:53,2019-02-07 7:01:53
977,バルカン,2019-02-07 7:01:53,2019-02-07 7:01:53
978,バン,2019-02-07 7:01:53,2019-02-07 7:01:53
979,パース,2019-02-07 7:01:53,2019-02-07 7:01:53
980,パーパス,2019-02-07 7:01:53,2019-02-07 7:01:53
981,パームツリー,2019-02-07 7:01:53,2019-02-07 7:01:53
982,パイヨ,2019-02-07 7:01:53,2019-02-07 7:01:53
983,パコ ラバンヌ,2019-02-07 7:01:53,2019-02-07 7:01:53
984,パタカラ,2019-02-07 7:01:53,2019-02-07 7:01:53
985,パダーム,2019-02-07 7:01:53,2019-02-07 7:01:53
986,パックスナチュロン,2019-02-07 7:01:53,2019-02-07 7:01:53
987,パパウォッシュ,2019-02-07 7:01:53,2019-02-07 7:01:53
988,パフィリィ,2019-02-07 7:01:53,2019-02-07 7:01:53
989,パフュームズ デ クール,2019-02-07 7:01:53,2019-02-07 7:01:53
990,パポタニス,2019-02-07 7:01:53,2019-02-07 7:01:53
991,パラドゥ,2019-02-07 7:01:53,2019-02-07 7:01:53
992,パリスヒルトン,2019-02-07 7:01:53,2019-02-07 7:01:53
993,パルガントン,2019-02-07 7:01:53,2019-02-07 7:01:53
994,パルティ,2019-02-07 7:01:53,2019-02-07 7:01:53
995,パルフェタムール,2019-02-07 7:01:53,2019-02-07 7:01:53
996,パルマディーバ,2019-02-07 7:01:53,2019-02-07 7:01:53
997,パルロックス,2019-02-07 7:01:53,2019-02-07 7:01:53
998,パワーアップビュウ,2019-02-07 7:01:53,2019-02-07 7:01:53
999,パンテーン,2019-02-07 7:01:53,2019-02-07 7:01:53
1000,パンドラ パッド,2019-02-07 7:01:53,2019-02-07 7:01:53
1001,バ,2019-02-07 7:01:53,2019-02-07 7:01:53
1002,バフ,2019-02-07 7:01:53,2019-02-07 7:01:53
1003,バリエル,2019-02-07 7:01:53,2019-02-07 7:01:53
1004,パ,2019-02-07 7:01:53,2019-02-07 7:01:53
1005,パーフェクトワン,2019-02-07 7:01:53,2019-02-07 7:01:53
1006,ヒ,2019-02-07 7:01:53,2019-02-07 7:01:53
1007,ヒートジュエル,2019-02-07 7:01:53,2019-02-07 7:01:53
1008,ヒフミド,2019-02-07 7:01:53,2019-02-07 7:01:53
1009,ヒューゴ,2019-02-07 7:01:53,2019-02-07 7:01:53
1010,ヒューゴ ボス,2019-02-07 7:01:53,2019-02-07 7:01:53
1011,ヒュードー,2019-02-07 7:01:53,2019-02-07 7:01:53
1012,ヒロインメイク,2019-02-07 7:01:53,2019-02-07 7:01:53
1013,ヒロコ,2019-02-07 7:01:53,2019-02-07 7:01:53
1014,ビ・アクア,2019-02-07 7:01:53,2019-02-07 7:01:53
1015,ビーアンドエス,2019-02-07 7:01:53,2019-02-07 7:01:53
1016,ビーエスプライム,2019-02-07 7:01:53,2019-02-07 7:01:53
1017,ビーエル ボーテ,2019-02-07 7:01:53,2019-02-07 7:01:53
1018,ビークロス,2019-02-07 7:01:53,2019-02-07 7:01:53
1019,ビーグレン,2019-02-07 7:01:53,2019-02-07 7:01:53
1020,ビーシーエム,2019-02-07 7:01:53,2019-02-07 7:01:53
1021,ビースリー,2019-02-07 7:01:53,2019-02-07 7:01:53
1022,ビーバンジョア,2019-02-07 7:01:53,2019-02-07 7:01:53
1023,ビービーラボラトリーズ,2019-02-07 7:01:53,2019-02-07 7:01:53
1024,ビーファイン,2019-02-07 7:01:53,2019-02-07 7:01:53
1025,ビーロード,2019-02-07 7:01:53,2019-02-07 7:01:53
1026,ビオテルム,2019-02-07 7:01:53,2019-02-07 7:01:53
1027,ビオバドル,2019-02-07 7:01:53,2019-02-07 7:01:53
1028,ビオ・マルシェ,2019-02-07 7:01:53,2019-02-07 7:01:53
1029,ビオレu,2019-02-07 7:01:53,2019-02-07 7:01:53
1030,美活,2019-02-07 7:01:53,2019-02-07 7:01:53
1031,ビクトリアジャクソン,2019-02-07 7:01:53,2019-02-07 7:01:53
1032,ビゲン,2019-02-07 7:01:53,2019-02-07 7:01:53
1033,美潤,2019-02-07 7:01:53,2019-02-07 7:01:53
1034,美禅,2019-02-07 7:01:53,2019-02-07 7:01:53
1035,ビタクリームB12,2019-02-07 7:01:53,2019-02-07 7:01:53
1036,ビタミンショップ,2019-02-07 7:01:53,2019-02-07 7:01:53
1037,美的,2019-02-07 7:01:53,2019-02-07 7:01:53
1038,ビナール,2019-02-07 7:01:53,2019-02-07 7:01:53
1039,ビノキュア,2019-02-07 7:01:53,2019-02-07 7:01:53
1040,ビビコック,2019-02-07 7:01:53,2019-02-07 7:01:53
1041,ビビデコ,2019-02-07 7:01:53,2019-02-07 7:01:53
1042,ビューティーマークス,2019-02-07 7:01:53,2019-02-07 7:01:53
1043,ビューティーミネラル,2019-02-07 7:01:53,2019-02-07 7:01:53
1044,ビューティールモンド,2019-02-07 7:01:53,2019-02-07 7:01:53
1045,ビューティフルスキン,2019-02-07 7:01:53,2019-02-07 7:01:53
1046,ビューナ,2019-02-07 7:01:53,2019-02-07 7:01:53
1047,ピー・エイチ・ケア,2019-02-07 7:01:53,2019-02-07 7:01:53
1048,ピーエーネイルコレクティブ,2019-02-07 7:01:53,2019-02-07 7:01:53
1049,ピーエス,2019-02-07 7:01:53,2019-02-07 7:01:53
1050,ピーク,2019-02-07 7:01:53,2019-02-07 7:01:53
1051,ピーシー,2019-02-07 7:01:53,2019-02-07 7:01:53
1052,ピースーツ,2019-02-07 7:01:53,2019-02-07 7:01:53
1053,ピーディーシー,2019-02-07 7:01:53,2019-02-07 7:01:53
1054,ピーピー リコリノ,2019-02-07 7:01:53,2019-02-07 7:01:53
1055,ピオニウォーク,2019-02-07 7:01:53,2019-02-07 7:01:53
1056,ピクス,2019-02-07 7:01:53,2019-02-07 7:01:53
1057,ピノーレ,2019-02-07 7:01:53,2019-02-07 7:01:53
1058,ピュアスマイル,2019-02-07 7:01:53,2019-02-07 7:01:53
1059,ピュアナチュラル,2019-02-07 7:01:53,2019-02-07 7:01:53
1060,ピュエル,2019-02-07 7:01:53,2019-02-07 7:01:53
1061,ピンククロス,2019-02-07 7:01:53,2019-02-07 7:01:53
1062,ピンクタイフーン,2019-02-07 7:01:53,2019-02-07 7:01:53
1063,フ,2019-02-07 7:01:53,2019-02-07 7:01:53
1064,ファースト オーガニクス,2019-02-07 7:01:53,2019-02-07 7:01:53
1065,ファシー,2019-02-07 7:01:53,2019-02-07 7:01:53
1066,ファンケル,2019-02-07 7:01:53,2019-02-07 7:01:53
1067,ファンス,2019-02-07 7:01:53,2019-02-07 7:01:53
1068,ファビウス,2019-02-07 7:01:53,2019-02-07 7:01:53
1069,フィアンセ,2019-02-07 7:01:53,2019-02-07 7:01:53
1070,フィートリート,2019-02-07 7:01:53,2019-02-07 7:01:53
1071,フィールドベリー,2019-02-07 7:01:53,2019-02-07 7:01:53
1072,フィエ,2019-02-07 7:01:53,2019-02-07 7:01:53
1073,フィジオライン,2019-02-07 7:01:53,2019-02-07 7:01:53
1074,フィジシャンズフォーミュラ,2019-02-07 7:01:53,2019-02-07 7:01:53
1075,フィッツ,2019-02-07 7:01:53,2019-02-07 7:01:53
1076,フィトメール,2019-02-07 7:01:53,2019-02-07 7:01:53
1077,フィナルウェーブ,2019-02-07 7:01:53,2019-02-07 7:01:53
1078,フーデックス,2019-02-07 7:01:53,2019-02-07 7:01:53
1079,フェラーリ,2019-02-07 7:01:53,2019-02-07 7:01:53
1080,フェラガモ,2019-02-07 7:01:53,2019-02-07 7:01:53
1081,フェリシモ,2019-02-07 7:01:53,2019-02-07 7:01:53
1082,フォーサイス,2019-02-07 7:01:53,2019-02-07 7:01:53
1083,フォーセブンイレブン,2019-02-07 7:01:53,2019-02-07 7:01:53
1084,フォーティーンスキップ,2019-02-07 7:01:53,2019-02-07 7:01:53
1085,フォーヴー,2019-02-07 7:01:53,2019-02-07 7:01:53
1086,ふくら,2019-02-07 7:01:53,2019-02-07 7:01:53
1087,フコライフ,2019-02-07 7:01:53,2019-02-07 7:01:53
1088,フシ,2019-02-07 7:01:53,2019-02-07 7:01:53
1089,フューチャーマジック,2019-02-07 7:01:53,2019-02-07 7:01:53
1090,フラウ,2019-02-07 7:01:53,2019-02-07 7:01:53
1091,フラコラ,2019-02-07 7:01:53,2019-02-07 7:01:53
1092,フラワーパワー,2019-02-07 7:01:53,2019-02-07 7:01:53
1093,フランシラ,2019-02-07 7:01:53,2019-02-07 7:01:53
1094,フランフラン,2019-02-07 7:01:53,2019-02-07 7:01:53
1095,フルーツテラピー,2019-02-07 7:01:53,2019-02-07 7:01:53
1096,フレグランスメモリーズ,2019-02-07 7:01:53,2019-02-07 7:01:53
1097,フレスカ,2019-02-07 7:01:53,2019-02-07 7:01:53
1098,フレッシュ,2019-02-07 7:01:53,2019-02-07 7:01:53
1099,フレッシュ ウェーブ,2019-02-07 7:01:53,2019-02-07 7:01:53
1100,フローフシ,2019-02-07 7:01:53,2019-02-07 7:01:53
1101,フローラ,2019-02-07 7:01:53,2019-02-07 7:01:53
1102,フローリス,2019-02-07 7:01:53,2019-02-07 7:01:53
1103,フロレナ,2019-02-07 7:01:53,2019-02-07 7:01:53
1104,ブイシー100,2019-02-07 7:01:53,2019-02-07 7:01:53
1105,ブーツ,2019-02-07 7:01:53,2019-02-07 7:01:53
1106,ブラインドデート,2019-02-07 7:01:53,2019-02-07 7:01:53
1107,ブラジェク,2019-02-07 7:01:53,2019-02-07 7:01:53
1108,ブランクレエ,2019-02-07 7:01:53,2019-02-07 7:01:53
1109,ブランシール スペリア,2019-02-07 7:01:53,2019-02-07 7:01:53
1110,ブリディエ,2019-02-07 7:01:53,2019-02-07 7:01:53
1111,ブリトニースピアーズ,2019-02-07 7:01:53,2019-02-07 7:01:53
1112,ブルーブルーエ メランジュ,2019-02-07 7:01:53,2019-02-07 7:01:53
1113,ブルガスカローザ・カルロボ,2019-02-07 7:01:53,2019-02-07 7:01:53
1114,ブルガリ,2019-02-07 7:01:53,2019-02-07 7:01:53
1115,ブルジョワ,2019-02-07 7:01:53,2019-02-07 7:01:53
1116,ブレスケア,2019-02-07 7:01:53,2019-02-07 7:01:53
1117,ブロウラッシュ,2019-02-07 7:01:53,2019-02-07 7:01:53
1118,ブローネ,2019-02-07 7:01:53,2019-02-07 7:01:53
1119,プインプル,2019-02-07 7:01:53,2019-02-07 7:01:53
1120,プゥドゥボナール,2019-02-07 7:01:53,2019-02-07 7:01:53
1121,プチ,2019-02-07 7:01:53,2019-02-07 7:01:53
1122,プチペシェ,2019-02-07 7:01:53,2019-02-07 7:01:53
1123,プチロンド,2019-02-07 7:01:53,2019-02-07 7:01:53
1124,プラーン,2019-02-07 7:01:53,2019-02-07 7:01:53
1125,プライベートビューティトウキョウ,2019-02-07 7:01:53,2019-02-07 7:01:53
1126,プラスエイティーワン,2019-02-07 7:01:53,2019-02-07 7:01:53
1127,プラスユー,2019-02-07 7:01:53,2019-02-07 7:01:53
1128,プラスレイ,2019-02-07 7:01:53,2019-02-07 7:01:53
1129,プラダ,2019-02-07 7:01:53,2019-02-07 7:01:53
1130,プラナス,2019-02-07 7:01:53,2019-02-07 7:01:53
1131,プランセスデジャヴ,2019-02-07 7:01:53,2019-02-07 7:01:53
1132,プラントシステム,2019-02-07 7:01:53,2019-02-07 7:01:53
1133,プリグリオ,2019-02-07 7:01:53,2019-02-07 7:01:53
1134,プリベージ,2019-02-07 7:01:53,2019-02-07 7:01:53
1135,プリマヴィスタ,2019-02-07 7:01:53,2019-02-07 7:01:53
1136,プリマベーラ,2019-02-07 7:01:53,2019-02-07 7:01:53
1137,プリメラ,2019-02-07 7:01:53,2019-02-07 7:01:53
1138,プルンヌリ,2019-02-07 7:01:53,2019-02-07 7:01:53
1139,プレイバック,2019-02-07 7:01:53,2019-02-07 7:01:53
1140,プレジャープス,2019-02-07 7:01:53,2019-02-07 7:01:53
1141,プロシェンヌ,2019-02-07 7:01:53,2019-02-07 7:01:53
1142,プロスリム,2019-02-07 7:01:53,2019-02-07 7:01:53
1143,プロヴィダ,2019-02-07 7:01:53,2019-02-07 7:01:53
1144,プ,2019-02-07 7:01:53,2019-02-07 7:01:53
1145,プレイリスト,2019-02-07 7:01:53,2019-02-07 7:01:53
1146,ヘ,2019-02-07 7:01:53,2019-02-07 7:01:53
1147,ヘアシーズンズ,2019-02-07 7:01:53,2019-02-07 7:01:53
1148,ヘナプラス,2019-02-07 7:01:53,2019-02-07 7:01:53
1149,ヘビーローテーション,2019-02-07 7:01:53,2019-02-07 7:01:53
1150,ヘブンリー ママ パッド,2019-02-07 7:01:53,2019-02-07 7:01:53
1151,ヘブンリームーン,2019-02-07 7:01:53,2019-02-07 7:01:53
1152,ヘラ,2019-02-07 7:01:53,2019-02-07 7:01:53
1153,ヘルシーワン,2019-02-07 7:01:53,2019-02-07 7:01:53
1154,ヘルスビ,2019-02-07 7:01:53,2019-02-07 7:01:53
1155,ヘレナルビンスタイン,2019-02-07 7:01:53,2019-02-07 7:01:53
1156,ヘンプズ,2019-02-07 7:01:53,2019-02-07 7:01:53
1157,ベア ミネラル,2019-02-07 7:01:53,2019-02-07 7:01:53
1158,ベイビィフェイス,2019-02-07 7:01:53,2019-02-07 7:01:53
1159,ベイビーオーベイビー,2019-02-07 7:01:53,2019-02-07 7:01:53
1160,ベイビーハーツ,2019-02-07 7:01:53,2019-02-07 7:01:53
1161,ベイリス＆ハーディング,2019-02-07 7:01:53,2019-02-07 7:01:53
1162,ベーネ プレミアム,2019-02-07 7:01:53,2019-02-07 7:01:53
1163,ベキュアハニー,2019-02-07 7:01:53,2019-02-07 7:01:53
1164,ベジボーイ,2019-02-07 7:01:53,2019-02-07 7:01:53
1165,ベス,2019-02-07 7:01:53,2019-02-07 7:01:53
1166,ベストハーブ,2019-02-07 7:01:53,2019-02-07 7:01:53
1167,ベッドヘッド,2019-02-07 7:01:53,2019-02-07 7:01:53
1168,ベネフィーク,2019-02-07 7:01:53,2019-02-07 7:01:53
1169,ベビーピンク,2019-02-07 7:01:53,2019-02-07 7:01:53
1170,ベラピエール,2019-02-07 7:01:53,2019-02-07 7:01:53
1171,ベリテ,2019-02-07 7:01:53,2019-02-07 7:01:53
1172,ベリミコラ,2019-02-07 7:01:53,2019-02-07 7:01:53
1173,ベルナール カシエール,2019-02-07 7:01:53,2019-02-07 7:01:53
1174,ベルプラージュ,2019-02-07 7:01:53,2019-02-07 7:01:53
1175,ベルメゾン,2019-02-07 7:01:53,2019-02-07 7:01:53
1176,ベルレーヌ,2019-02-07 7:01:53,2019-02-07 7:01:53
1177,ベルヴィー,2019-02-07 7:01:53,2019-02-07 7:01:53
1178,ベンテシモ,2019-02-07 7:01:53,2019-02-07 7:01:53
1179,ペイトン,2019-02-07 7:01:53,2019-02-07 7:01:53
1180,ペー・ジェー・セー・デー,2019-02-07 7:01:53,2019-02-07 7:01:53
1181,ペシュ,2019-02-07 7:01:53,2019-02-07 7:01:53
1182,ペスカ,2019-02-07 7:01:53,2019-02-07 7:01:53
1183,ペボニア,2019-02-07 7:01:53,2019-02-07 7:01:53
1184,ペリー エリス,2019-02-07 7:01:53,2019-02-07 7:01:53
1185,ペリコンMD,2019-02-07 7:01:53,2019-02-07 7:01:53
1186,ペリペラ,2019-02-07 7:01:53,2019-02-07 7:01:53
1187,ペルルアルファ,2019-02-07 7:01:53,2019-02-07 7:01:53
1188,ペンハリガン,2019-02-07 7:01:53,2019-02-07 7:01:53
1189,ペ,2019-02-07 7:01:53,2019-02-07 7:01:53
1190,ペロト,2019-02-07 7:01:53,2019-02-07 7:01:53
1191,ホ,2019-02-07 7:01:53,2019-02-07 7:01:53
1192,ホーユー,2019-02-07 7:01:53,2019-02-07 7:01:53
1193,ホマレ,2019-02-07 7:01:53,2019-02-07 7:01:53
1194,ホメイ,2019-02-07 7:01:53,2019-02-07 7:01:53
1195,ホメオバウ,2019-02-07 7:01:53,2019-02-07 7:01:53
1196,ホワイティシモ,2019-02-07 7:01:53,2019-02-07 7:01:53
1197,ホワイトショット,2019-02-07 7:01:53,2019-02-07 7:01:53
1198,ホワイトリリー,2019-02-07 7:01:53,2019-02-07 7:01:53
1199,ボクール,2019-02-07 7:01:53,2019-02-07 7:01:53
1200,ボタニクス,2019-02-07 7:01:53,2019-02-07 7:01:53
1201,ボッセン,2019-02-07 7:01:53,2019-02-07 7:01:53
1202,ボディファンタジー,2019-02-07 7:01:53,2019-02-07 7:01:53
1203,ボディミント,2019-02-07 7:01:53,2019-02-07 7:01:53
1204,ボディメイクタン,2019-02-07 7:01:53,2019-02-07 7:01:53
1205,ボディリラックス,2019-02-07 7:01:53,2019-02-07 7:01:53
1206,ボトピカル,2019-02-07 7:01:53,2019-02-07 7:01:53
1207,ボニー・ボニー,2019-02-07 7:01:53,2019-02-07 7:01:53
1208,ボビイ ブラウン,2019-02-07 7:01:53,2019-02-07 7:01:53
1209,ボルゲーゼ,2019-02-07 7:01:53,2019-02-07 7:01:53
1210,ボンボン,2019-02-07 7:01:53,2019-02-07 7:01:53
1211,ポールアンドジョー ボーテ,2019-02-07 7:01:53,2019-02-07 7:01:53
1212,ポーデペール,2019-02-07 7:01:53,2019-02-07 7:01:53
1213,ポードペシェ,2019-02-07 7:01:53,2019-02-07 7:01:53
1214,ポーラ,2019-02-07 7:01:53,2019-02-07 7:01:53
1215,ポーラチョイス,2019-02-07 7:01:53,2019-02-07 7:01:53
1216,ポーラ ドルフ,2019-02-07 7:01:53,2019-02-07 7:01:53
1217,ポール アンド ジョー,2019-02-07 7:01:53,2019-02-07 7:01:53
1218,ポールシェリー,2019-02-07 7:01:53,2019-02-07 7:01:53
1219,ポールマリエ,2019-02-07 7:01:53,2019-02-07 7:01:53
1220,ポシェラ,2019-02-07 7:01:53,2019-02-07 7:01:53
1221,ポッシュドール,2019-02-07 7:01:53,2019-02-07 7:01:53
1222,ポップティーン,2019-02-07 7:01:53,2019-02-07 7:01:53
1223,ポペット,2019-02-07 7:01:53,2019-02-07 7:01:53
1224,ポリシー化粧品,2019-02-07 7:01:53,2019-02-07 7:01:53
1225,ポルノホスピタル,2019-02-07 7:01:53,2019-02-07 7:01:53
1226,ポン,2019-02-07 7:01:53,2019-02-07 7:01:53
1227,ポンズ,2019-02-07 7:01:53,2019-02-07 7:01:53
1228,ポンパドール,2019-02-07 7:01:53,2019-02-07 7:01:53
1229,マ,2019-02-07 7:01:53,2019-02-07 7:01:53
1230,マーク ジェイコブス,2019-02-07 7:01:53,2019-02-07 7:01:53
1231,マークスアンドウェブ,2019-02-07 7:01:53,2019-02-07 7:01:53
1232,マークス・アンド・スペンサー,2019-02-07 7:01:53,2019-02-07 7:01:53
1233,マーサ,2019-02-07 7:01:53,2019-02-07 7:01:53
1234,マイ・エッセンス,2019-02-07 7:01:53,2019-02-07 7:01:53
1235,舞妓はん,2019-02-07 7:01:53,2019-02-07 7:01:53
1236,マキア,2019-02-07 7:01:53,2019-02-07 7:01:53
1237,マキアージュ,2019-02-07 7:01:53,2019-02-07 7:01:53
1238,マキアレイベル,2019-02-07 7:01:53,2019-02-07 7:01:53
1239,マザーフォレスト,2019-02-07 7:01:53,2019-02-07 7:01:53
1240,マシェリ,2019-02-07 7:01:53,2019-02-07 7:01:53
1241,マジスレネ,2019-02-07 7:01:53,2019-02-07 7:01:53
1242,マジックソープ,2019-02-07 7:01:53,2019-02-07 7:01:53
1243,マジックワンズ,2019-02-07 7:01:53,2019-02-07 7:01:53
1244,マジョリカ マジョルカ,2019-02-07 7:01:53,2019-02-07 7:01:53
1245,マスキュア,2019-02-07 7:01:53,2019-02-07 7:01:53
1246,真珠肌,2019-02-07 7:01:53,2019-02-07 7:01:53
1247,マダムローズ,2019-02-07 7:01:53,2019-02-07 7:01:53
1248,マダムロバボーテ,2019-02-07 7:01:53,2019-02-07 7:01:53
1249,マダラ,2019-02-07 7:01:53,2019-02-07 7:01:53
1250,MAC,2019-02-07 7:01:53,2019-02-07 7:01:53
1251,マックスファクター,2019-02-07 7:01:53,2019-02-07 7:01:53
1252,マックス マーラ,2019-02-07 7:01:53,2019-02-07 7:01:53
1253,松島正樹,2019-02-07 7:01:53,2019-02-07 7:01:53
1254,マトゥナ,2019-02-07 7:01:53,2019-02-07 7:01:53
1255,マナラ,2019-02-07 7:01:53,2019-02-07 7:01:53
1256,マニグ・オリーズ,2019-02-07 7:01:53,2019-02-07 7:01:53
1257,マニケア,2019-02-07 7:01:53,2019-02-07 7:01:53
1258,マニックパニック,2019-02-07 7:01:53,2019-02-07 7:01:53
1259,マペペ,2019-02-07 7:01:53,2019-02-07 7:01:53
1260,ママバター,2019-02-07 7:01:53,2019-02-07 7:01:53
1261,マミュ,2019-02-07 7:01:53,2019-02-07 7:01:53
1262,マム アンド ミー クリエーションズ,2019-02-07 7:01:53,2019-02-07 7:01:53
1263,マモンド,2019-02-07 7:01:53,2019-02-07 7:01:53
1264,マリアス,2019-02-07 7:01:53,2019-02-07 7:01:53
1265,マリークワント,2019-02-07 7:01:53,2019-02-07 7:01:53
1266,マリーブラン,2019-02-07 7:01:53,2019-02-07 7:01:53
1267,マリナ ド ブルボン,2019-02-07 7:01:53,2019-02-07 7:01:53
1268,マリンデュケランド,2019-02-07 7:01:53,2019-02-07 7:01:53
1269,マルカナチュラルスキンケア,2019-02-07 7:01:53,2019-02-07 7:01:53
1270,マルシュール,2019-02-07 7:01:53,2019-02-07 7:01:53
1271,マヴァラ,2019-02-07 7:01:53,2019-02-07 7:01:53
1272,ミ,2019-02-07 7:01:53,2019-02-07 7:01:53
1273,ミオピッコロ,2019-02-07 7:01:53,2019-02-07 7:01:53
1274,ミシュリー,2019-02-07 7:01:53,2019-02-07 7:01:53
1275,ミス,2019-02-07 7:01:53,2019-02-07 7:01:53
1276,緑の森,2019-02-07 7:01:53,2019-02-07 7:01:53
1277,みなしょう,2019-02-07 7:01:53,2019-02-07 7:01:53
1278,ミニヨン,2019-02-07 7:01:53,2019-02-07 7:01:53
1279,ミネラルズ,2019-02-07 7:01:53,2019-02-07 7:01:53
1280,ミネラルフラワーズ,2019-02-07 7:01:53,2019-02-07 7:01:53
1281,ミノン,2019-02-07 7:01:53,2019-02-07 7:01:53
1282,ミューノアージュ,2019-02-07 7:01:53,2019-02-07 7:01:53
1283,ミュウ ミュウ,2019-02-07 7:01:53,2019-02-07 7:01:53
1284,ミュゼ,2019-02-07 7:01:53,2019-02-07 7:01:53
1285,ミュゼル,2019-02-07 7:01:53,2019-02-07 7:01:53
1286,ミュラド,2019-02-07 7:01:53,2019-02-07 7:01:53
1287,ミラノコレクション,2019-02-07 7:01:53,2019-02-07 7:01:53
1288,ミルボン,2019-02-07 7:01:53,2019-02-07 7:01:53
1289,ム,2019-02-07 7:01:53,2019-02-07 7:01:53
1290,ムー,2019-02-07 7:01:53,2019-02-07 7:01:53
1291,ムーサ イオ,2019-02-07 7:01:53,2019-02-07 7:01:53
1292,ムーンフェイズ,2019-02-07 7:01:53,2019-02-07 7:01:53
1293,ムコタ,2019-02-07 7:01:53,2019-02-07 7:01:53
1294,無印良品,2019-02-07 7:01:53,2019-02-07 7:01:53
1295,ムステラ,2019-02-07 7:01:53,2019-02-07 7:01:53
1296,ムラサキジャパン,2019-02-07 7:01:53,2019-02-07 7:01:53
1297,メ,2019-02-07 7:01:53,2019-02-07 7:01:53
1298,メイクアップフォーエバー,2019-02-07 7:01:53,2019-02-07 7:01:53
1299,明色,2019-02-07 7:01:53,2019-02-07 7:01:53
1300,明色化粧品,2019-02-07 7:01:53,2019-02-07 7:01:53
1301,名糖,2019-02-07 7:01:53,2019-02-07 7:01:53
1302,メイド オブ オーガニクス,2019-02-07 7:01:53,2019-02-07 7:01:53
1303,メイベリン ニューヨーク,2019-02-07 7:01:53,2019-02-07 7:01:53
1304,めぐりズム,2019-02-07 7:01:53,2019-02-07 7:01:53
1305,メゾン ド リーファー,2019-02-07 7:01:53,2019-02-07 7:01:53
1306,メタバリア,2019-02-07 7:01:53,2019-02-07 7:01:53
1307,メディシャル,2019-02-07 7:01:53,2019-02-07 7:01:53
1308,メディプラス,2019-02-07 7:01:53,2019-02-07 7:01:53
1309,メディア,2019-02-07 7:01:53,2019-02-07 7:01:53
1310,メルヴィータ,2019-02-07 7:01:53,2019-02-07 7:01:53
1311,メンソレータム,2019-02-07 7:01:53,2019-02-07 7:01:53
1312,メンターム,2019-02-07 7:01:53,2019-02-07 7:01:53
1313,モ,2019-02-07 7:01:53,2019-02-07 7:01:53
1314,モア・オーガニック,2019-02-07 7:01:53,2019-02-07 7:01:53
1315,モイスチャーゲル,2019-02-07 7:01:53,2019-02-07 7:01:53
1316,モイスティーヌ,2019-02-07 7:01:53,2019-02-07 7:01:53
1317,モイストケア,2019-02-07 7:01:53,2019-02-07 7:01:53
1318,モイストムーン,2019-02-07 7:01:53,2019-02-07 7:01:53
1319,モストリベラル,2019-02-07 7:01:53,2019-02-07 7:01:53
1320,モッズ・ヘア,2019-02-07 7:01:53,2019-02-07 7:01:53
1321,モップ,2019-02-07 7:01:53,2019-02-07 7:01:53
1322,モデルコ,2019-02-07 7:01:53,2019-02-07 7:01:53
1323,モナン,2019-02-07 7:01:53,2019-02-07 7:01:53
1324,モルティセニ,2019-02-07 7:01:53,2019-02-07 7:01:53
1325,モルトベーネ,2019-02-07 7:01:53,2019-02-07 7:01:53
1326,モルトンブラウン,2019-02-07 7:01:53,2019-02-07 7:01:53
1327,モンタル,2019-02-07 7:01:53,2019-02-07 7:01:53
1328,モンダミン,2019-02-07 7:01:53,2019-02-07 7:01:53
1329,ヤ,2019-02-07 7:01:53,2019-02-07 7:01:53
1330,ヤーデン,2019-02-07 7:01:53,2019-02-07 7:01:53
1331,ヤーマン,2019-02-07 7:01:53,2019-02-07 7:01:53
1332,ヤクア,2019-02-07 7:01:53,2019-02-07 7:01:53
1333,やずや,2019-02-07 7:01:53,2019-02-07 7:01:53
1334,ヤマダアトマイザー,2019-02-07 7:01:53,2019-02-07 7:01:53
1335,山田養蜂場,2019-02-07 7:01:53,2019-02-07 7:01:53
1336,やまや,2019-02-07 7:01:53,2019-02-07 7:01:53
1337,ヤンキーキャンドル,2019-02-07 7:01:53,2019-02-07 7:01:53
1338,ユ,2019-02-07 7:01:53,2019-02-07 7:01:53
1339,ユーグレナ,2019-02-07 7:01:53,2019-02-07 7:01:53
1340,ユーシアAC,2019-02-07 7:01:53,2019-02-07 7:01:53
1341,ユーモ,2019-02-07 7:01:53,2019-02-07 7:01:53
1342,雪花,2019-02-07 7:01:53,2019-02-07 7:01:53
1343,ユナイテッド　カラーズ　オブ　ベネトン,2019-02-07 7:01:53,2019-02-07 7:01:53
1344,ユニ・チャーム,2019-02-07 7:01:53,2019-02-07 7:01:53
1345,ユニバーバルミューズ,2019-02-07 7:01:53,2019-02-07 7:01:53
1346,ユニリーバ海外,2019-02-07 7:01:53,2019-02-07 7:01:53
1347,ユリアージ,2019-02-07 7:01:53,2019-02-07 7:01:53
1348,ヨ,2019-02-07 7:01:53,2019-02-07 7:01:53
1349,美鼻子,2019-02-07 7:01:53,2019-02-07 7:01:53
1350,よーじや,2019-02-07 7:01:53,2019-02-07 7:01:53
1351,よかせっけん,2019-02-07 7:01:53,2019-02-07 7:01:53
1352,美姉妹,2019-02-07 7:01:53,2019-02-07 7:01:53
1353,余仁生,2019-02-07 7:01:53,2019-02-07 7:01:53
1354,輿地ノ香,2019-02-07 7:01:53,2019-02-07 7:01:53
1355,ヨッシュ,2019-02-07 7:01:53,2019-02-07 7:01:53
1356,ヨフィバー,2019-02-07 7:01:53,2019-02-07 7:01:53
1357,ヨルダン,2019-02-07 7:01:53,2019-02-07 7:01:53
1358,ヨンカ,2019-02-07 7:01:53,2019-02-07 7:01:53
1359,ラ,2019-02-07 7:01:53,2019-02-07 7:01:53
1360,ライジングウェーブ,2019-02-07 7:01:53,2019-02-07 7:01:53
1361,ライスフォース,2019-02-07 7:01:53,2019-02-07 7:01:53
1362,ラ ヴィタエ,2019-02-07 7:01:53,2019-02-07 7:01:53
1363,ラ・カスタ,2019-02-07 7:01:53,2019-02-07 7:01:53
1364,ラクラ,2019-02-07 7:01:53,2019-02-07 7:01:53
1365,ラコステ,2019-02-07 7:01:53,2019-02-07 7:01:53
1366,ラサーナ,2019-02-07 7:01:53,2019-02-07 7:01:53
1367,ラソービ,2019-02-07 7:01:53,2019-02-07 7:01:53
1368,ラックス,2019-02-07 7:01:53,2019-02-07 7:01:53
1369,ラッシュ,2019-02-07 7:01:53,2019-02-07 7:01:53
1370,ラディアンス,2019-02-07 7:01:53,2019-02-07 7:01:53
1371,ラ・デヴィーナ,2019-02-07 7:01:53,2019-02-07 7:01:53
1372,ラニー,2019-02-07 7:01:53,2019-02-07 7:01:53
1373,ラネージュ,2019-02-07 7:01:53,2019-02-07 7:01:53
1374,ラパンセ,2019-02-07 7:01:53,2019-02-07 7:01:53
1375,ラフラ,2019-02-07 7:01:53,2019-02-07 7:01:53
1376,ラブアンドヘイト,2019-02-07 7:01:53,2019-02-07 7:01:53
1377,ラブパスポート,2019-02-07 7:01:53,2019-02-07 7:01:53
1378,ラ プラージュ,2019-02-07 7:01:53,2019-02-07 7:01:53
1379,ラ・プレシア,2019-02-07 7:01:53,2019-02-07 7:01:53
1380,ラ プレリー,2019-02-07 7:01:53,2019-02-07 7:01:53
1381,ラボ シリーズ,2019-02-07 7:01:53,2019-02-07 7:01:53
1382,ラ・ミューテ,2019-02-07 7:01:53,2019-02-07 7:01:53
1383,ラメンテ,2019-02-07 7:01:53,2019-02-07 7:01:53
1384,ラルフ ローレン,2019-02-07 7:01:53,2019-02-07 7:01:53
1385,ラルム ナチュレル,2019-02-07 7:01:53,2019-02-07 7:01:53
1386,ラロッシュポゼ,2019-02-07 7:01:53,2019-02-07 7:01:53
1387,ランコム,2019-02-07 7:01:53,2019-02-07 7:01:53
1388,ランバン,2019-02-07 7:01:53,2019-02-07 7:01:53
1389,ラヴァース,2019-02-07 7:01:53,2019-02-07 7:01:53
1390,ラヴーシュカ,2019-02-07 7:01:53,2019-02-07 7:01:53
1391,ラヴェーラ,2019-02-07 7:01:53,2019-02-07 7:01:53
1392,リ,2019-02-07 7:01:53,2019-02-07 7:01:53
1393,リア,2019-02-07 7:01:53,2019-02-07 7:01:53
1394,リアリナ,2019-02-07 7:01:53,2019-02-07 7:01:53
1395,リアル・ピュリティー,2019-02-07 7:01:53,2019-02-07 7:01:53
1396,麗雫,2019-02-07 7:01:53,2019-02-07 7:01:53
1397,リーゼ,2019-02-07 7:01:53,2019-02-07 7:01:53
1398,リーフアンドボタニクス,2019-02-07 7:01:53,2019-02-07 7:01:53
1399,リエン,2019-02-07 7:01:53,2019-02-07 7:01:53
1400,リオッサ,2019-02-07 7:01:53,2019-02-07 7:01:53
1401,リカエル,2019-02-07 7:01:53,2019-02-07 7:01:53
1402,リガーレ,2019-02-07 7:01:53,2019-02-07 7:01:53
1403,リサージ,2019-02-07 7:01:53,2019-02-07 7:01:53
1404,リジーン,2019-02-07 7:01:53,2019-02-07 7:01:53
1405,リジェネレイト,2019-02-07 7:01:53,2019-02-07 7:01:53
1406,リステリン,2019-02-07 7:01:53,2019-02-07 7:01:53
1407,リズム アンド ブルース パッド,2019-02-07 7:01:53,2019-02-07 7:01:53
1408,リッチーズ,2019-02-07 7:01:53,2019-02-07 7:01:53
1409,リッチモイスト,2019-02-07 7:01:53,2019-02-07 7:01:53
1410,リッツ,2019-02-07 7:01:53,2019-02-07 7:01:53
1411,リトハピ,2019-02-07 7:01:53,2019-02-07 7:01:53
1412,リトルバンブー,2019-02-07 7:01:53,2019-02-07 7:01:53
1413,リトル マーチ,2019-02-07 7:01:53,2019-02-07 7:01:53
1414,リニィ,2019-02-07 7:01:53,2019-02-07 7:01:53
1415,リバイタル グラナス,2019-02-07 7:01:53,2019-02-07 7:01:53
1416,リファ,2019-02-07 7:01:53,2019-02-07 7:01:53
1417,リフレッシュプラス,2019-02-07 7:01:53,2019-02-07 7:01:53
1418,リブロン,2019-02-07 7:01:53,2019-02-07 7:01:53
1419,リボテ,2019-02-07 7:01:53,2019-02-07 7:01:53
1420,リラ,2019-02-07 7:01:53,2019-02-07 7:01:53
1421,リラクシング,2019-02-07 7:01:53,2019-02-07 7:01:53
1422,リリーロロ,2019-02-07 7:01:53,2019-02-07 7:01:53
1423,リリスドール,2019-02-07 7:01:53,2019-02-07 7:01:53
1424,リルジュ,2019-02-07 7:01:53,2019-02-07 7:01:53
1425,リンガーナ,2019-02-07 7:01:53,2019-02-07 7:01:53
1426,リンサクライ,2019-02-07 7:01:53,2019-02-07 7:01:53
1427,リンネ,2019-02-07 7:01:53,2019-02-07 7:01:53
1428,リンメル,2019-02-07 7:01:53,2019-02-07 7:01:53
1429,凛恋,2019-02-07 7:01:53,2019-02-07 7:01:53
1430,ル,2019-02-07 7:01:53,2019-02-07 7:01:53
1431,ルアン,2019-02-07 7:01:53,2019-02-07 7:01:53
1432,ルアンルアン,2019-02-07 7:01:53,2019-02-07 7:01:53
1433,ルイール,2019-02-07 7:01:53,2019-02-07 7:01:53
1434,ルイ ヴィトン,2019-02-07 7:01:53,2019-02-07 7:01:53
1435,ルイ フェロー,2019-02-07 7:01:53,2019-02-07 7:01:53
1436,ルージーン,2019-02-07 7:01:53,2019-02-07 7:01:53
1437,ルーツー,2019-02-07 7:01:53,2019-02-07 7:01:53
1438,ルーナ,2019-02-07 7:01:53,2019-02-07 7:01:53
1439,ル・キアラ,2019-02-07 7:01:53,2019-02-07 7:01:53
1440,ルクレール,2019-02-07 7:01:53,2019-02-07 7:01:53
1441,ルシード,2019-02-07 7:01:53,2019-02-07 7:01:53
1442,ルシードエル,2019-02-07 7:01:53,2019-02-07 7:01:53
1443,ルチアーノ ソプラーニ,2019-02-07 7:01:53,2019-02-07 7:01:53
1444,ルナソル,2019-02-07 7:01:53,2019-02-07 7:01:53
1445,ルナパッド,2019-02-07 7:01:53,2019-02-07 7:01:53
1446,ルネ フルトレール,2019-02-07 7:01:53,2019-02-07 7:01:53
1447,ルフラボーン,2019-02-07 7:01:53,2019-02-07 7:01:53
1448,ルベル,2019-02-07 7:01:53,2019-02-07 7:01:53
1449,るんるん美肌,2019-02-07 7:01:53,2019-02-07 7:01:53
1450,レ,2019-02-07 7:01:53,2019-02-07 7:01:53
1451,レアナチｭｰル,2019-02-07 7:01:53,2019-02-07 7:01:53
1452,レイ,2019-02-07 7:01:53,2019-02-07 7:01:53
1453,レイシメッド,2019-02-07 7:01:53,2019-02-07 7:01:53
1454,レガロ,2019-02-07 7:01:53,2019-02-07 7:01:53
1455,レジー,2019-02-07 7:01:53,2019-02-07 7:01:53
1456,レディバグ,2019-02-07 7:01:53,2019-02-07 7:01:53
1457,レブロン,2019-02-07 7:01:53,2019-02-07 7:01:53
1458,レメディカ,2019-02-07 7:01:53,2019-02-07 7:01:53
1459,ロ,2019-02-07 7:01:53,2019-02-07 7:01:53
1460,ロージーローザ,2019-02-07 7:01:53,2019-02-07 7:01:53
1461,ローズシルク,2019-02-07 7:01:53,2019-02-07 7:01:53
1462,ローズブライト,2019-02-07 7:01:53,2019-02-07 7:01:53
1463,ローソン,2019-02-07 7:01:53,2019-02-07 7:01:53
1464,ロート製薬,2019-02-07 7:01:53,2019-02-07 7:01:53
1465,ローラ メルシエ,2019-02-07 7:01:53,2019-02-07 7:01:53
1466,ロクシタン,2019-02-07 7:01:53,2019-02-07 7:01:53
1467,ロゲイン,2019-02-07 7:01:53,2019-02-07 7:01:53
1468,ロゴナ,2019-02-07 7:01:53,2019-02-07 7:01:53
1469,ロジェ・ガレ,2019-02-07 7:01:53,2019-02-07 7:01:53
1470,ロゼット,2019-02-07 7:01:53,2019-02-07 7:01:53
1471,ロック,2019-02-07 7:01:53,2019-02-07 7:01:53
1472,ロット,2019-02-07 7:01:53,2019-02-07 7:01:53
1473,ロハシー,2019-02-07 7:01:53,2019-02-07 7:01:53
1474,ロマンチックドロップス,2019-02-07 7:01:53,2019-02-07 7:01:53
1475,ロラック,2019-02-07 7:01:53,2019-02-07 7:01:53
1476,ロリータ レンピカ,2019-02-07 7:01:53,2019-02-07 7:01:53
1477,ロリスアザロ,2019-02-07 7:01:53,2019-02-07 7:01:53
1478,ロレアル,2019-02-07 7:01:53,2019-02-07 7:01:53
1479,ロレアル パリ,2019-02-07 7:01:53,2019-02-07 7:01:53
1480,ロレアル プロフェッショナル,2019-02-07 7:01:53,2019-02-07 7:01:53
1481,ロレッタ,2019-02-07 7:01:53,2019-02-07 7:01:53
1482,ワ,2019-02-07 7:01:53,2019-02-07 7:01:53
1483,ワトゥサ,2019-02-07 7:01:53,2019-02-07 7:01:53
1484,ワトソン,2019-02-07 7:01:53,2019-02-07 7:01:53
1485,ワンセカンド,2019-02-07 7:01:53,2019-02-07 7:01:53
1486,ワンダーガール,2019-02-07 7:01:53,2019-02-07 7:01:53
1487,ワンデイタトゥー,2019-02-07 7:01:53,2019-02-07 7:01:53
1488,1,2019-02-07 7:01:53,2019-02-07 7:01:53
1489,15ミニッツビューズ,2019-02-07 7:01:53,2019-02-07 7:01:53
1490,5,2019-02-07 7:01:53,2019-02-07 7:01:53
1491,50の恵,2019-02-07 7:01:53,2019-02-07 7:01:53