id,name,parent_id,created_at,updated_at
1,レディース,0,2019-02-06 7:01:53,2019-02-06 7:01:53
2,メンズ,0,2019-02-06 7:01:53,2019-02-06 7:01:53
3,ベビー・キッズ,0,2019-02-06 7:01:53,2019-02-06 7:01:53
4,インテリア・住まい・小物,0,2019-02-06 7:01:53,2019-02-06 7:01:53
5,本・音楽・ゲーム,0,2019-02-06 7:01:53,2019-02-06 7:01:53
6,おもちゃ・ホビー・グッズ,0,2019-02-06 7:01:53,2019-02-06 7:01:53
7,コスメ・香水・美容,0,2019-02-06 7:01:53,2019-02-06 7:01:53
8,家電・スマホ・カメラ,0,2019-02-06 7:01:53,2019-02-06 7:01:53
9,スポーツ・レジャー,0,2019-02-06 7:01:53,2019-02-06 7:01:53
10,ハンドメイド,0,2019-02-06 7:01:53,2019-02-06 7:01:53
11,チケット,0,2019-02-06 7:01:53,2019-02-06 7:01:53
12,自動車・オートバイ,0,2019-02-06 7:01:53,2019-02-06 7:01:53
13,その他,0,2019-02-06 7:01:53,2019-02-06 7:01:53
14,トップス,1,2019-02-06 7:01:53,2019-02-06 7:01:53
15,ジャケット/アウター,1,2019-02-06 7:01:53,2019-02-06 7:01:53
16,パンツ,1,2019-02-06 7:01:53,2019-02-06 7:01:53
17,スカート,1,2019-02-06 7:01:53,2019-02-06 7:01:53
18,ワンピース,1,2019-02-06 7:01:53,2019-02-06 7:01:53
19,靴,1,2019-02-06 7:01:53,2019-02-06 7:01:53
20,ルームウェア/パジャマ,1,2019-02-06 7:01:53,2019-02-06 7:01:53
21,レッグウェア,1,2019-02-06 7:01:53,2019-02-06 7:01:53
22,帽子,1,2019-02-06 7:01:53,2019-02-06 7:01:53
23,バッグ,1,2019-02-06 7:01:53,2019-02-06 7:01:53
24,アクセサリー,1,2019-02-06 7:01:53,2019-02-06 7:01:53
25,ヘアアクセサリー,1,2019-02-06 7:01:53,2019-02-06 7:01:53
26,小物,1,2019-02-06 7:01:53,2019-02-06 7:01:53
27,時計,1,2019-02-06 7:01:53,2019-02-06 7:01:53
28,ウィッグ/エクステ,1,2019-02-06 7:01:53,2019-02-06 7:01:53
29,浴衣/水着,1,2019-02-06 7:01:53,2019-02-06 7:01:53
30,スーツ/フォーマル/ドレス,1,2019-02-06 7:01:53,2019-02-06 7:01:53
31,マタニティ,1,2019-02-06 7:01:53,2019-02-06 7:01:53
32,その他,1,2019-02-06 7:01:53,2019-02-06 7:01:53
33,トップス,2,2019-02-06 7:01:53,2019-02-06 7:01:53
34,ジャケット/アウター,2,2019-02-06 7:01:53,2019-02-06 7:01:53
35,パンツ,2,2019-02-06 7:01:53,2019-02-06 7:01:53
36,靴,2,2019-02-06 7:01:53,2019-02-06 7:01:53
37,バッグ,2,2019-02-06 7:01:53,2019-02-06 7:01:53
38,スーツ,2,2019-02-06 7:01:53,2019-02-06 7:01:53
39,帽子,2,2019-02-06 7:01:53,2019-02-06 7:01:53
40,アクセサリー,2,2019-02-06 7:01:53,2019-02-06 7:01:53
41,小物,2,2019-02-06 7:01:53,2019-02-06 7:01:53
42,時計,2,2019-02-06 7:01:53,2019-02-06 7:01:53
43,水着,2,2019-02-06 7:01:53,2019-02-06 7:01:53
44,レッグウェア,2,2019-02-06 7:01:53,2019-02-06 7:01:53
45,アンダーウェア,2,2019-02-06 7:01:53,2019-02-06 7:01:53
46,その他,2,2019-02-06 7:01:53,2019-02-06 7:01:53
47,ベビー服(女の子用) ~95cm,3,2019-02-06 7:01:53,2019-02-06 7:01:53
48,ベビー服(男の子用) ~95cm,3,2019-02-06 7:01:53,2019-02-06 7:01:53
49,ベビー服(男女兼用) ~95cm,3,2019-02-06 7:01:53,2019-02-06 7:01:53
50,キッズ服(女の子用) 100cm~,3,2019-02-06 7:01:53,2019-02-06 7:01:53
51,キッズ服(男の子用) 100cm~,3,2019-02-06 7:01:53,2019-02-06 7:01:53
52,キッズ服(男女兼用) 100cm~,3,2019-02-06 7:01:53,2019-02-06 7:01:53
53,キッズ靴,3,2019-02-06 7:01:53,2019-02-06 7:01:53
54,子ども用ファッション小物,3,2019-02-06 7:01:53,2019-02-06 7:01:53
55,おむつ/トイレ/バス,3,2019-02-06 7:01:53,2019-02-06 7:01:53
56,外出/移動用品,3,2019-02-06 7:01:53,2019-02-06 7:01:53
57,授乳/食事,3,2019-02-06 7:01:53,2019-02-06 7:01:53
58,ベビー家具/寝具/室内用品,3,2019-02-06 7:01:53,2019-02-06 7:01:53
59,おもちゃ,3,2019-02-06 7:01:53,2019-02-06 7:01:53
60,行事/記念品,3,2019-02-06 7:01:53,2019-02-06 7:01:53
61,その他,3,2019-02-06 7:01:53,2019-02-06 7:01:53
62,キッチン/食器,4,2019-02-06 7:01:53,2019-02-06 7:01:53
63,ベッド/マットレス,4,2019-02-06 7:01:53,2019-02-06 7:01:53
64,ソファ/ソファベッド,4,2019-02-06 7:01:53,2019-02-06 7:01:53
65,椅子/チェア,4,2019-02-06 7:01:53,2019-02-06 7:01:53
66,机/テーブル,4,2019-02-06 7:01:53,2019-02-06 7:01:53
67,収納家具,4,2019-02-06 7:01:53,2019-02-06 7:01:53
68,ラグ/カーペット/マット,4,2019-02-06 7:01:53,2019-02-06 7:01:53
69,カーテン/ブラインド,4,2019-02-06 7:01:53,2019-02-06 7:01:53
70,ライト/照明,4,2019-02-06 7:01:53,2019-02-06 7:01:53
71,寝具,4,2019-02-06 7:01:53,2019-02-06 7:01:53
72,インテリア小物,4,2019-02-06 7:01:53,2019-02-06 7:01:53
73,季節/年中行事,4,2019-02-06 7:01:53,2019-02-06 7:01:53
74,その他,4,2019-02-06 7:01:53,2019-02-06 7:01:53
75,本,5,2019-02-06 7:01:53,2019-02-06 7:01:53
76,漫画,5,2019-02-06 7:01:53,2019-02-06 7:01:53
77,雑誌,5,2019-02-06 7:01:53,2019-02-06 7:01:53
78,CD,5,2019-02-06 7:01:53,2019-02-06 7:01:53
79,DVD/ブルーレイ,5,2019-02-06 7:01:53,2019-02-06 7:01:53
80,レコード,5,2019-02-06 7:01:53,2019-02-06 7:01:53
81,テレビゲーム,5,2019-02-06 7:01:53,2019-02-06 7:01:53
82,おもちゃ,6,2019-02-06 7:01:53,2019-02-06 7:01:53
83,タレントグッズ,6,2019-02-06 7:01:53,2019-02-06 7:01:53
84,コミック/アニメグッズ,6,2019-02-06 7:01:53,2019-02-06 7:01:53
85,トレーディングカード,6,2019-02-06 7:01:53,2019-02-06 7:01:53
86,フィギュア,6,2019-02-06 7:01:53,2019-02-06 7:01:53
87,楽器/器材,6,2019-02-06 7:01:53,2019-02-06 7:01:53
88,コレクション,6,2019-02-06 7:01:53,2019-02-06 7:01:53
89,ミリタリー,6,2019-02-06 7:01:53,2019-02-06 7:01:53
90,美術品,6,2019-02-06 7:01:53,2019-02-06 7:01:53
91,アート用品,6,2019-02-06 7:01:53,2019-02-06 7:01:53
92,その他,6,2019-02-06 7:01:53,2019-02-06 7:01:53
93,ベースメイク,7,2019-02-06 7:01:53,2019-02-06 7:01:53
94,メイクアップ,7,2019-02-06 7:01:53,2019-02-06 7:01:53
95,ネイルケア,7,2019-02-06 7:01:53,2019-02-06 7:01:53
96,香水,7,2019-02-06 7:01:53,2019-02-06 7:01:53
97,スキンケア/基礎化粧品,7,2019-02-06 7:01:53,2019-02-06 7:01:53
98,ヘアケア,7,2019-02-06 7:01:53,2019-02-06 7:01:53
99,ボディケア,7,2019-02-06 7:01:53,2019-02-06 7:01:53
100,オーラルケア,7,2019-02-06 7:01:53,2019-02-06 7:01:53
101,リラクゼーション,7,2019-02-06 7:01:53,2019-02-06 7:01:53
102,ダイエット,7,2019-02-06 7:01:53,2019-02-06 7:01:53
103,その他,7,2019-02-06 7:01:53,2019-02-06 7:01:53
104,スマートフォン/携帯電話,8,2019-02-06 7:01:53,2019-02-06 7:01:53
105,スマホアクセサリー,8,2019-02-06 7:01:53,2019-02-06 7:01:53
106,PC/タブレット,8,2019-02-06 7:01:53,2019-02-06 7:01:53
107,カメラ,8,2019-02-06 7:01:53,2019-02-06 7:01:53
108,テレビ/映像機器,8,2019-02-06 7:01:53,2019-02-06 7:01:53
109,オーディオ機器,8,2019-02-06 7:01:53,2019-02-06 7:01:53
110,美容/健康,8,2019-02-06 7:01:53,2019-02-06 7:01:53
111,冷暖房/空調,8,2019-02-06 7:01:53,2019-02-06 7:01:53
112,生活家電,8,2019-02-06 7:01:53,2019-02-06 7:01:53
113,その他,8,2019-02-06 7:01:53,2019-02-06 7:01:53
114,ゴルフ,9,2019-02-06 7:01:53,2019-02-06 7:01:53
115,フィッシング,9,2019-02-06 7:01:53,2019-02-06 7:01:53
116,自転車,9,2019-02-06 7:01:53,2019-02-06 7:01:53
117,トレーニング/エクササイズ,9,2019-02-06 7:01:53,2019-02-06 7:01:53
118,野球,9,2019-02-06 7:01:53,2019-02-06 7:01:53
119,サッカー/フットサル,9,2019-02-06 7:01:53,2019-02-06 7:01:53
120,テニス,9,2019-02-06 7:01:53,2019-02-06 7:01:53
121,スノーボード,9,2019-02-06 7:01:53,2019-02-06 7:01:53
122,スキー,9,2019-02-06 7:01:53,2019-02-06 7:01:53
123,その他スポーツ,9,2019-02-06 7:01:53,2019-02-06 7:01:53
124,アウトドア,9,2019-02-06 7:01:53,2019-02-06 7:01:53
125,その他,9,2019-02-06 7:01:53,2019-02-06 7:01:53
126,アクセサリー(女性用),10,2019-02-06 7:01:53,2019-02-06 7:01:53
127,ファッション/小物,10,2019-02-06 7:01:53,2019-02-06 7:01:53
128,アクセサリー/時計,10,2019-02-06 7:01:53,2019-02-06 7:01:53
129,日用品/インテリア,10,2019-02-06 7:01:53,2019-02-06 7:01:53
130,趣味/おもちゃ,10,2019-02-06 7:01:53,2019-02-06 7:01:53
131,キッズ/ベビー,10,2019-02-06 7:01:53,2019-02-06 7:01:53
132,素材/材料,10,2019-02-06 7:01:53,2019-02-06 7:01:53
133,二次創作物,10,2019-02-06 7:01:53,2019-02-06 7:01:53
134,その他,10,2019-02-06 7:01:53,2019-02-06 7:01:53
135,音楽,11,2019-02-06 7:01:53,2019-02-06 7:01:53
136,スポーツ,11,2019-02-06 7:01:53,2019-02-06 7:01:53
137,演劇/芸能,11,2019-02-06 7:01:53,2019-02-06 7:01:53
138,イベント,11,2019-02-06 7:01:53,2019-02-06 7:01:53
139,映画,11,2019-02-06 7:01:53,2019-02-06 7:01:53
140,施設利用券,11,2019-02-06 7:01:53,2019-02-06 7:01:53
141,優待券/割引券,11,2019-02-06 7:01:53,2019-02-06 7:01:53
142,その他,11,2019-02-06 7:01:53,2019-02-06 7:01:53
143,自動車本体,12,2019-02-06 7:01:53,2019-02-06 7:01:53
144,自動車タイヤ/ホイール,12,2019-02-06 7:01:53,2019-02-06 7:01:53
145,自動車パーツ,12,2019-02-06 7:01:53,2019-02-06 7:01:53
146,自動車アクセサリー,12,2019-02-06 7:01:53,2019-02-06 7:01:53
147,オートバイパーツ,12,2019-02-06 7:01:53,2019-02-06 7:01:53
148,オートバイアクセサリー,12,2019-02-06 7:01:53,2019-02-06 7:01:53
149,まとめ売り,13,2019-02-06 7:01:53,2019-02-06 7:01:53
150,ペット用品,13,2019-02-06 7:01:53,2019-02-06 7:01:53
151,食品,13,2019-02-06 7:01:53,2019-02-06 7:01:53
152,飲料/酒,13,2019-02-06 7:01:53,2019-02-06 7:01:53
153,日用品/生活雑貨/旅行,13,2019-02-06 7:01:53,2019-02-06 7:01:53
154,アンティーク/コレクション,13,2019-02-06 7:01:53,2019-02-06 7:01:53
155,文房具/事務用品,13,2019-02-06 7:01:53,2019-02-06 7:01:53
156,事務/店舗用品,13,2019-02-06 7:01:53,2019-02-06 7:01:53
157,その他,13,2019-02-06 7:01:53,2019-02-06 7:01:53
158,Tシャツ/カットソー(半袖/袖なし),14,2019-02-06 7:01:53,2019-02-06 7:01:53
159,Tシャツ/カットソー(七分/長袖),14,2019-02-06 7:01:53,2019-02-06 7:01:53
160,シャツ/ブラウス(半袖/袖なし),14,2019-02-06 7:01:53,2019-02-06 7:01:53
161,シャツ/ブラウス(七分/長袖),14,2019-02-06 7:01:53,2019-02-06 7:01:53
162,ポロシャツ,14,2019-02-06 7:01:53,2019-02-06 7:01:53
163,キャミソール,14,2019-02-06 7:01:53,2019-02-06 7:01:53
164,タンクトップ,14,2019-02-06 7:01:53,2019-02-06 7:01:53
165,ホルターネック,14,2019-02-06 7:01:53,2019-02-06 7:01:53
166,ニット/セーター,14,2019-02-06 7:01:53,2019-02-06 7:01:53
167,チュニック,14,2019-02-06 7:01:53,2019-02-06 7:01:53
168,カーディガン/ボレロ,14,2019-02-06 7:01:53,2019-02-06 7:01:53
169,アンサンブル,14,2019-02-06 7:01:53,2019-02-06 7:01:53
170,ベスト/ジレ,14,2019-02-06 7:01:53,2019-02-06 7:01:53
171,パーカー,14,2019-02-06 7:01:53,2019-02-06 7:01:53
172,トレーナー/スウェット,14,2019-02-06 7:01:53,2019-02-06 7:01:53
173,ベアトップ/チューブトップ,14,2019-02-06 7:01:53,2019-02-06 7:01:53
174,ジャージ,14,2019-02-06 7:01:53,2019-02-06 7:01:53
175,その他,14,2019-02-06 7:01:53,2019-02-06 7:01:53
176,テーラードジャケット,15,2019-02-06 7:01:53,2019-02-06 7:01:53
177,ノーカラージャケット,15,2019-02-06 7:01:53,2019-02-06 7:01:53
178,Gジャン/デニムジャケット,15,2019-02-06 7:01:53,2019-02-06 7:01:53
179,レザージャケット,15,2019-02-06 7:01:53,2019-02-06 7:01:53
180,ダウンジャケット,15,2019-02-06 7:01:53,2019-02-06 7:01:53
181,ライダースジャケット,15,2019-02-06 7:01:53,2019-02-06 7:01:53
182,ミリタリージャケット,15,2019-02-06 7:01:53,2019-02-06 7:01:53
183,ダウンベスト,15,2019-02-06 7:01:53,2019-02-06 7:01:53
184,ジャンパー/ブルゾン,15,2019-02-06 7:01:53,2019-02-06 7:01:53
185,ポンチョ,15,2019-02-06 7:01:53,2019-02-06 7:01:53
186,ロングコート,15,2019-02-06 7:01:53,2019-02-06 7:01:53
187,トレンチコート,15,2019-02-06 7:01:53,2019-02-06 7:01:53
188,ダッフルコート,15,2019-02-06 7:01:53,2019-02-06 7:01:53
189,ピーコート,15,2019-02-06 7:01:53,2019-02-06 7:01:53
190,チェスターコート,15,2019-02-06 7:01:53,2019-02-06 7:01:53
191,モッズコート,15,2019-02-06 7:01:53,2019-02-06 7:01:53
192,スタジャン,15,2019-02-06 7:01:53,2019-02-06 7:01:53
193,毛皮/ファーコート,15,2019-02-06 7:01:53,2019-02-06 7:01:53
194,スプリングコート,15,2019-02-06 7:01:53,2019-02-06 7:01:53
195,スカジャン,15,2019-02-06 7:01:53,2019-02-06 7:01:53
196,その他,15,2019-02-06 7:01:53,2019-02-06 7:01:53
197,デニム/ジーンズ,16,2019-02-06 7:01:53,2019-02-06 7:01:53
198,ショートパンツ,16,2019-02-06 7:01:53,2019-02-06 7:01:53
199,カジュアルパンツ,16,2019-02-06 7:01:53,2019-02-06 7:01:53
200,ハーフパンツ,16,2019-02-06 7:01:53,2019-02-06 7:01:53
201,チノパン,16,2019-02-06 7:01:53,2019-02-06 7:01:53
202,ワークパンツ/カーゴパンツ,16,2019-02-06 7:01:53,2019-02-06 7:01:53
203,クロップドパンツ,16,2019-02-06 7:01:53,2019-02-06 7:01:53
204,サロペット/オーバーオール,16,2019-02-06 7:01:53,2019-02-06 7:01:53
205,オールインワン,16,2019-02-06 7:01:53,2019-02-06 7:01:53
206,サルエルパンツ,16,2019-02-06 7:01:53,2019-02-06 7:01:53
207,ガウチョパンツ,16,2019-02-06 7:01:53,2019-02-06 7:01:53
208,その他,16,2019-02-06 7:01:53,2019-02-06 7:01:53
209,ミニスカート,17,2019-02-06 7:01:53,2019-02-06 7:01:53
210,ひざ丈スカート,17,2019-02-06 7:01:53,2019-02-06 7:01:53
211,ロングスカート,17,2019-02-06 7:01:53,2019-02-06 7:01:53
212,キュロット,17,2019-02-06 7:01:53,2019-02-06 7:01:53
213,その他,17,2019-02-06 7:01:53,2019-02-06 7:01:53
214,ミニワンピース,18,2019-02-06 7:01:53,2019-02-06 7:01:53
215,ひざ丈ワンピース,18,2019-02-06 7:01:53,2019-02-06 7:01:53
216,ロングワンピース,18,2019-02-06 7:01:53,2019-02-06 7:01:53
217,その他,18,2019-02-06 7:01:53,2019-02-06 7:01:53
218,ハイヒール/パンプス,19,2019-02-06 7:01:53,2019-02-06 7:01:53
219,ブーツ,19,2019-02-06 7:01:53,2019-02-06 7:01:53
220,サンダル,19,2019-02-06 7:01:53,2019-02-06 7:01:53
221,スニーカー,19,2019-02-06 7:01:53,2019-02-06 7:01:53
222,ミュール,19,2019-02-06 7:01:53,2019-02-06 7:01:53
223,モカシン,19,2019-02-06 7:01:53,2019-02-06 7:01:53
224,ローファー/革靴,19,2019-02-06 7:01:53,2019-02-06 7:01:53
225,フラットシューズ/バレエシューズ,19,2019-02-06 7:01:53,2019-02-06 7:01:53
226,長靴/レインシューズ,19,2019-02-06 7:01:53,2019-02-06 7:01:53
227,その他,19,2019-02-06 7:01:53,2019-02-06 7:01:53
228,パジャマ,20,2019-02-06 7:01:53,2019-02-06 7:01:53
229,ルームウェア,20,2019-02-06 7:01:53,2019-02-06 7:01:53
230,ソックス,21,2019-02-06 7:01:53,2019-02-06 7:01:53
231,スパッツ/レギンス,21,2019-02-06 7:01:53,2019-02-06 7:01:53
232,ストッキング/タイツ,21,2019-02-06 7:01:53,2019-02-06 7:01:53
233,レッグウォーマー,21,2019-02-06 7:01:53,2019-02-06 7:01:53
234,ニットキャップ/ビーニー,22,2019-02-06 7:01:53,2019-02-06 7:01:53
235,ハット,22,2019-02-06 7:01:53,2019-02-06 7:01:53
236,ハンチング/ベレー帽,22,2019-02-06 7:01:53,2019-02-06 7:01:53
237,キャップ,22,2019-02-06 7:01:53,2019-02-06 7:01:53
238,キャスケット,22,2019-02-06 7:01:53,2019-02-06 7:01:53
239,麦わら帽子,22,2019-02-06 7:01:53,2019-02-06 7:01:53
240,その他,22,2019-02-06 7:01:53,2019-02-06 7:01:53
241,ハンドバック,23,2019-02-06 7:01:53,2019-02-06 7:01:53
242,トートバッグ,23,2019-02-06 7:01:53,2019-02-06 7:01:53
243,エコバッグ,23,2019-02-06 7:01:53,2019-02-06 7:01:53
244,リュック/バックパック,23,2019-02-06 7:01:53,2019-02-06 7:01:53
245,ボストンバッグ,23,2019-02-06 7:01:53,2019-02-06 7:01:53
246,スポーツバッグ,23,2019-02-06 7:01:53,2019-02-06 7:01:53
247,ショルダーバッグ,23,2019-02-06 7:01:53,2019-02-06 7:01:53
248,クラッチバッグ,23,2019-02-06 7:01:53,2019-02-06 7:01:53
249,ポーチ/バニティ,23,2019-02-06 7:01:53,2019-02-06 7:01:53
250,ボディバッグ/ウェストバッグ,23,2019-02-06 7:01:53,2019-02-06 7:01:53
251,マザーズバッグ,23,2019-02-06 7:01:53,2019-02-06 7:01:53
252,メッセンジャーバッグ,23,2019-02-06 7:01:53,2019-02-06 7:01:53
253,ビジネスバッグ,23,2019-02-06 7:01:53,2019-02-06 7:01:53
254,旅行用バッグ/キャリーバッグ,23,2019-02-06 7:01:53,2019-02-06 7:01:53
255,ショップ袋,23,2019-02-06 7:01:53,2019-02-06 7:01:53
256,和装用バッグ,23,2019-02-06 7:01:53,2019-02-06 7:01:53
257,かごバッグ,23,2019-02-06 7:01:53,2019-02-06 7:01:53
258,その他,23,2019-02-06 7:01:53,2019-02-06 7:01:53
259,ネックレス,24,2019-02-06 7:01:53,2019-02-06 7:01:53
260,ブレスレット,24,2019-02-06 7:01:53,2019-02-06 7:01:53
261,バングル/リストバンド,24,2019-02-06 7:01:53,2019-02-06 7:01:53
262,リング,24,2019-02-06 7:01:53,2019-02-06 7:01:53
263,ピアス(片耳用),24,2019-02-06 7:01:53,2019-02-06 7:01:53
264,ピアス(両耳用),24,2019-02-06 7:01:53,2019-02-06 7:01:53
265,イヤリング,24,2019-02-06 7:01:53,2019-02-06 7:01:53
266,アンクレット,24,2019-02-06 7:01:53,2019-02-06 7:01:53
267,ブローチ/コサージュ,24,2019-02-06 7:01:53,2019-02-06 7:01:53
268,チャーム,24,2019-02-06 7:01:53,2019-02-06 7:01:53
269,その他,24,2019-02-06 7:01:53,2019-02-06 7:01:53
270,ヘアゴム/シュシュ,25,2019-02-06 7:01:53,2019-02-06 7:01:53
271,ヘアバンド/カチューシャ,25,2019-02-06 7:01:53,2019-02-06 7:01:53
272,ヘアピン,25,2019-02-06 7:01:53,2019-02-06 7:01:53
273,その他,25,2019-02-06 7:01:53,2019-02-06 7:01:53
274,長財布,26,2019-02-06 7:01:53,2019-02-06 7:01:53
275,折り財布,26,2019-02-06 7:01:53,2019-02-06 7:01:53
276,コインケース/小銭入れ,26,2019-02-06 7:01:53,2019-02-06 7:01:53
277,名刺入れ/定期入れ,26,2019-02-06 7:01:53,2019-02-06 7:01:53
278,キーケース,26,2019-02-06 7:01:53,2019-02-06 7:01:53
279,キーホルダー,26,2019-02-06 7:01:53,2019-02-06 7:01:53
280,手袋/アームカバー,26,2019-02-06 7:01:53,2019-02-06 7:01:53
281,ハンカチ,26,2019-02-06 7:01:53,2019-02-06 7:01:53
282,ベルト,26,2019-02-06 7:01:53,2019-02-06 7:01:53
283,マフラー/ショール,26,2019-02-06 7:01:53,2019-02-06 7:01:53
284,ストール/スヌード,26,2019-02-06 7:01:53,2019-02-06 7:01:53
285,バンダナ/スカーフ,26,2019-02-06 7:01:53,2019-02-06 7:01:53
286,ネックウォーマー,26,2019-02-06 7:01:53,2019-02-06 7:01:53
287,サスペンダー,26,2019-02-06 7:01:53,2019-02-06 7:01:53
288,サングラス/メガネ,26,2019-02-06 7:01:53,2019-02-06 7:01:53
289,モバイルケース/カバー,26,2019-02-06 7:01:53,2019-02-06 7:01:53
290,手帳,26,2019-02-06 7:01:53,2019-02-06 7:01:53
291,イヤマフラー,26,2019-02-06 7:01:53,2019-02-06 7:01:53
292,傘,26,2019-02-06 7:01:53,2019-02-06 7:01:53
293,レインコート/ポンチョ,26,2019-02-06 7:01:53,2019-02-06 7:01:53
294,ミラー,26,2019-02-06 7:01:53,2019-02-06 7:01:53
295,タバコグッズ,26,2019-02-06 7:01:53,2019-02-06 7:01:53
296,その他,26,2019-02-06 7:01:53,2019-02-06 7:01:53
297,腕時計(アナログ),27,2019-02-06 7:01:53,2019-02-06 7:01:53
298,腕時計(デジタル,27,2019-02-06 7:01:53,2019-02-06 7:01:53
299,ラバーベルト,27,2019-02-06 7:01:53,2019-02-06 7:01:53
300,レザーベルト,27,2019-02-06 7:01:53,2019-02-06 7:01:53
301,金属ベルト,27,2019-02-06 7:01:53,2019-02-06 7:01:53
302,その他,27,2019-02-06 7:01:53,2019-02-06 7:01:53
303,前髪ウィッグ,28,2019-02-06 7:01:53,2019-02-06 7:01:53
304,ロングスカート,28,2019-02-06 7:01:53,2019-02-06 7:01:53
305,ロングカール,28,2019-02-06 7:01:53,2019-02-06 7:01:53
306,ショートストレート,28,2019-02-06 7:01:53,2019-02-06 7:01:53
307,ショートカール,28,2019-02-06 7:01:53,2019-02-06 7:01:53
308,その他,28,2019-02-06 7:01:53,2019-02-06 7:01:53
309,浴衣,29,2019-02-06 7:01:53,2019-02-06 7:01:53
310,着物,29,2019-02-06 7:01:53,2019-02-06 7:01:53
311,振袖,29,2019-02-06 7:01:53,2019-02-06 7:01:53
312,長襦袢/半襦袢,29,2019-02-06 7:01:53,2019-02-06 7:01:53
313,水着セパレート,29,2019-02-06 7:01:53,2019-02-06 7:01:53
314,水着ワンピース,29,2019-02-06 7:01:53,2019-02-06 7:01:53
315,水着スポーツ用,29,2019-02-06 7:01:53,2019-02-06 7:01:53
316,その他,29,2019-02-06 7:01:53,2019-02-06 7:01:53
317,スカートスーツ上下,30,2019-02-06 7:01:53,2019-02-06 7:01:53
318,パンツスーツ上下,30,2019-02-06 7:01:53,2019-02-06 7:01:53
319,ドレス,30,2019-02-06 7:01:53,2019-02-06 7:01:53
320,パーティーバッグ,30,2019-02-06 7:01:53,2019-02-06 7:01:53
321,シューズ,30,2019-02-06 7:01:53,2019-02-06 7:01:53
322,ウェディング,30,2019-02-06 7:01:53,2019-02-06 7:01:53
323,その他,30,2019-02-06 7:01:53,2019-02-06 7:01:53
324,トップス,31,2019-02-06 7:01:53,2019-02-06 7:01:53
325,アウター,31,2019-02-06 7:01:53,2019-02-06 7:01:53
326,インナー,31,2019-02-06 7:01:53,2019-02-06 7:01:53
327,ワンピース,31,2019-02-06 7:01:53,2019-02-06 7:01:53
328,パンツ/スパッツ,31,2019-02-06 7:01:53,2019-02-06 7:01:53
329,スカート,31,2019-02-06 7:01:53,2019-02-06 7:01:53
330,パジャマ,31,2019-02-06 7:01:53,2019-02-06 7:01:53
331,授乳服,31,2019-02-06 7:01:53,2019-02-06 7:01:53
332,その他,31,2019-02-06 7:01:53,2019-02-06 7:01:53
333,コスプレ,32,2019-02-06 7:01:53,2019-02-06 7:01:53
334,下着,32,2019-02-06 7:01:53,2019-02-06 7:01:53
335,その他,32,2019-02-06 7:01:53,2019-02-06 7:01:53
336,Tシャツ/カットソー(半袖/袖なし),33,2019-02-06 7:01:53,2019-02-06 7:01:53
337,Tシャツ/カットソー(七分/長袖),33,2019-02-06 7:01:53,2019-02-06 7:01:53
338,シャツ,33,2019-02-06 7:01:53,2019-02-06 7:01:53
339,ポロシャツ,33,2019-02-06 7:01:53,2019-02-06 7:01:53
340,タンクトップ,33,2019-02-06 7:01:53,2019-02-06 7:01:53
341,ニット/セーター,33,2019-02-06 7:01:53,2019-02-06 7:01:53
342,パーカー,33,2019-02-06 7:01:53,2019-02-06 7:01:53
343,カーディガン,33,2019-02-06 7:01:53,2019-02-06 7:01:53
344,スウェット,33,2019-02-06 7:01:53,2019-02-06 7:01:53
345,ジャージ,33,2019-02-06 7:01:53,2019-02-06 7:01:53
346,ベスト,33,2019-02-06 7:01:53,2019-02-06 7:01:53
347,その他,33,2019-02-06 7:01:53,2019-02-06 7:01:53
348,テーラードジャケット,34,2019-02-06 7:01:53,2019-02-06 7:01:53
349,ノーカラージャケット,34,2019-02-06 7:01:53,2019-02-06 7:01:53
350,Gジャン/デニムジャケット,34,2019-02-06 7:01:53,2019-02-06 7:01:53
351,レザージャケット,34,2019-02-06 7:01:53,2019-02-06 7:01:53
352,ダウンジャケット,34,2019-02-06 7:01:53,2019-02-06 7:01:53
353,ライダースジャケット,34,2019-02-06 7:01:53,2019-02-06 7:01:53
354,ミリタリージャケット,34,2019-02-06 7:01:53,2019-02-06 7:01:53
355,ナイロンジャケット,34,2019-02-06 7:01:53,2019-02-06 7:01:53
356,フライトジャケット,34,2019-02-06 7:01:53,2019-02-06 7:01:53
357,ダッフルコート,34,2019-02-06 7:01:53,2019-02-06 7:01:53
358,ピーコート,34,2019-02-06 7:01:53,2019-02-06 7:01:53
359,ステンカラーコート,34,2019-02-06 7:01:53,2019-02-06 7:01:53
360,トレンチコート,34,2019-02-06 7:01:53,2019-02-06 7:01:53
361,モッズコート,34,2019-02-06 7:01:53,2019-02-06 7:01:53
362,チェスターコート,34,2019-02-06 7:01:53,2019-02-06 7:01:53
363,スタジャン,34,2019-02-06 7:01:53,2019-02-06 7:01:53
364,スカジャン,34,2019-02-06 7:01:53,2019-02-06 7:01:53
365,ブルゾン,34,2019-02-06 7:01:53,2019-02-06 7:01:53
366,マウンテンパーカー,34,2019-02-06 7:01:53,2019-02-06 7:01:53
367,ダウンベスト,34,2019-02-06 7:01:53,2019-02-06 7:01:53
368,ポンチョ,34,2019-02-06 7:01:53,2019-02-06 7:01:53
369,カバーオール,34,2019-02-06 7:01:53,2019-02-06 7:01:53
370,その他,34,2019-02-06 7:01:53,2019-02-06 7:01:53
371,デニム/ジーンズ,35,2019-02-06 7:01:53,2019-02-06 7:01:53
372,ワークパンツ/カーゴパンツ,35,2019-02-06 7:01:53,2019-02-06 7:01:53
373,スラックス,35,2019-02-06 7:01:53,2019-02-06 7:01:53
374,チノパン,35,2019-02-06 7:01:53,2019-02-06 7:01:53
375,ショートパンツ,35,2019-02-06 7:01:53,2019-02-06 7:01:53
376,ペインターパンツ,35,2019-02-06 7:01:53,2019-02-06 7:01:53
377,サルエルパンツ,35,2019-02-06 7:01:53,2019-02-06 7:01:53
378,オーバーオール,35,2019-02-06 7:01:53,2019-02-06 7:01:53
379,その他,35,2019-02-06 7:01:53,2019-02-06 7:01:53
380,スニーカー,36,2019-02-06 7:01:53,2019-02-06 7:01:53
381,サンダル,36,2019-02-06 7:01:53,2019-02-06 7:01:53
382,ブーツ,36,2019-02-06 7:01:53,2019-02-06 7:01:53
383,モカシン,36,2019-02-06 7:01:53,2019-02-06 7:01:53
384,ドレス/ビジネス,36,2019-02-06 7:01:53,2019-02-06 7:01:53
385,長靴/レインシューズ,36,2019-02-06 7:01:53,2019-02-06 7:01:53
386,デッキーシューズ,36,2019-02-06 7:01:53,2019-02-06 7:01:53
387,その他,36,2019-02-06 7:01:53,2019-02-06 7:01:53
388,ショルダーバッグ,37,2019-02-06 7:01:53,2019-02-06 7:01:53
389,トートバッグ,37,2019-02-06 7:01:53,2019-02-06 7:01:53
390,ボストンバッグ,37,2019-02-06 7:01:53,2019-02-06 7:01:53
391,リュック/バックパック,37,2019-02-06 7:01:53,2019-02-06 7:01:53
392,ウエストポーチ,37,2019-02-06 7:01:53,2019-02-06 7:01:53
393,ボディーバッグ,37,2019-02-06 7:01:53,2019-02-06 7:01:53
394,ドラムバッグ,37,2019-02-06 7:01:53,2019-02-06 7:01:53
395,ビジネスバッグ,37,2019-02-06 7:01:53,2019-02-06 7:01:53
396,トラベルバッグ,37,2019-02-06 7:01:53,2019-02-06 7:01:53
397,メッセンジャーバッグ,37,2019-02-06 7:01:53,2019-02-06 7:01:53
398,エコバッグ,37,2019-02-06 7:01:53,2019-02-06 7:01:53
399,その他,37,2019-02-06 7:01:53,2019-02-06 7:01:53
400,スーツジャケット,38,2019-02-06 7:01:53,2019-02-06 7:01:53
401,スーツベスト,38,2019-02-06 7:01:53,2019-02-06 7:01:53
402,スラックス,38,2019-02-06 7:01:53,2019-02-06 7:01:53
403,セットアップ,38,2019-02-06 7:01:53,2019-02-06 7:01:53
404,その他,38,2019-02-06 7:01:53,2019-02-06 7:01:53
405,キャップ,39,2019-02-06 7:01:53,2019-02-06 7:01:53
406,ハット,39,2019-02-06 7:01:53,2019-02-06 7:01:53
407,ニットキャップ/ビーニー,39,2019-02-06 7:01:53,2019-02-06 7:01:53
408,ハンチング/ベレー帽,39,2019-02-06 7:01:53,2019-02-06 7:01:53
409,キャスケット,39,2019-02-06 7:01:53,2019-02-06 7:01:53
410,サンバイザー,39,2019-02-06 7:01:53,2019-02-06 7:01:53
411,その他,39,2019-02-06 7:01:53,2019-02-06 7:01:53
412,ネックレス,40,2019-02-06 7:01:53,2019-02-06 7:01:53
413,ブレスレット,40,2019-02-06 7:01:53,2019-02-06 7:01:53
414,バングル/リストバンド,40,2019-02-06 7:01:53,2019-02-06 7:01:53
415,リング,40,2019-02-06 7:01:53,2019-02-06 7:01:53
416,ピアス(片耳用),40,2019-02-06 7:01:53,2019-02-06 7:01:53
417,ピアス(両耳用),40,2019-02-06 7:01:53,2019-02-06 7:01:53
418,アンクレット,40,2019-02-06 7:01:53,2019-02-06 7:01:53
419,その他,40,2019-02-06 7:01:53,2019-02-06 7:01:53
420,長財布,41,2019-02-06 7:01:53,2019-02-06 7:01:53
421,折り財布,41,2019-02-06 7:01:53,2019-02-06 7:01:53
422,マネークリップ,41,2019-02-06 7:01:53,2019-02-06 7:01:53
423,コインケース/小銭入れ,41,2019-02-06 7:01:53,2019-02-06 7:01:53
424,名刺入れ/定期入れ,41,2019-02-06 7:01:53,2019-02-06 7:01:53
425,キーケース,41,2019-02-06 7:01:53,2019-02-06 7:01:53
426,キーホルダー,41,2019-02-06 7:01:53,2019-02-06 7:01:53
427,ネクタイ,41,2019-02-06 7:01:53,2019-02-06 7:01:53
428,手袋,41,2019-02-06 7:01:53,2019-02-06 7:01:53
429,ハンカチ,41,2019-02-06 7:01:53,2019-02-06 7:01:53
430,ベルト,41,2019-02-06 7:01:53,2019-02-06 7:01:53
431,マフラー,41,2019-02-06 7:01:53,2019-02-06 7:01:53
432,ストール,41,2019-02-06 7:01:53,2019-02-06 7:01:53
433,バンダナ,41,2019-02-06 7:01:53,2019-02-06 7:01:53
434,ネックウォーマー,41,2019-02-06 7:01:53,2019-02-06 7:01:53
435,サスペンダー,41,2019-02-06 7:01:53,2019-02-06 7:01:53
436,ウォレットチェーン,41,2019-02-06 7:01:53,2019-02-06 7:01:53
437,サングラス/メガネ,41,2019-02-06 7:01:53,2019-02-06 7:01:53
438,モバイルケース/カバー,41,2019-02-06 7:01:53,2019-02-06 7:01:53
439,手帳,41,2019-02-06 7:01:53,2019-02-06 7:01:53
440,ストラップ,41,2019-02-06 7:01:53,2019-02-06 7:01:53
441,ネクタイピン,41,2019-02-06 7:01:53,2019-02-06 7:01:53
442,カフスリンクス,41,2019-02-06 7:01:53,2019-02-06 7:01:53
443,イヤマフラー,41,2019-02-06 7:01:53,2019-02-06 7:01:53
444,傘,41,2019-02-06 7:01:53,2019-02-06 7:01:53
445,レインコート,41,2019-02-06 7:01:53,2019-02-06 7:01:53
446,ミラー,41,2019-02-06 7:01:53,2019-02-06 7:01:53
447,タバコグッズ,41,2019-02-06 7:01:53,2019-02-06 7:01:53
448,その他,41,2019-02-06 7:01:53,2019-02-06 7:01:53
449,腕時計(アナログ),42,2019-02-06 7:01:53,2019-02-06 7:01:53
450,腕時計(デジタル),42,2019-02-06 7:01:53,2019-02-06 7:01:53
451,ラバーベルト,42,2019-02-06 7:01:53,2019-02-06 7:01:53
452,レザーベルト,42,2019-02-06 7:01:53,2019-02-06 7:01:53
453,金属ベルト,42,2019-02-06 7:01:53,2019-02-06 7:01:53
454,その他,42,2019-02-06 7:01:53,2019-02-06 7:01:53
455,一般水着,43,2019-02-06 7:01:53,2019-02-06 7:01:53
456,スポーツ用,43,2019-02-06 7:01:53,2019-02-06 7:01:53
457,アクセサリー,43,2019-02-06 7:01:53,2019-02-06 7:01:53
458,その他,43,2019-02-06 7:01:53,2019-02-06 7:01:53
459,ソックス,44,2019-02-06 7:01:53,2019-02-06 7:01:53
460,レギンス/スパッツ,44,2019-02-06 7:01:53,2019-02-06 7:01:53
461,レッグウォーマー,44,2019-02-06 7:01:53,2019-02-06 7:01:53
462,その他,44,2019-02-06 7:01:53,2019-02-06 7:01:53
463,トランクス,45,2019-02-06 7:01:53,2019-02-06 7:01:53
464,ボクサーパンツ,45,2019-02-06 7:01:53,2019-02-06 7:01:53
465,その他,45,2019-02-06 7:01:53,2019-02-06 7:01:53
466,トップス,46,2019-02-06 7:01:53,2019-02-06 7:01:53
467,アウター,46,2019-02-06 7:01:53,2019-02-06 7:01:53
468,パンツ,46,2019-02-06 7:01:53,2019-02-06 7:01:53
469,スカート,46,2019-02-06 7:01:53,2019-02-06 7:01:53
470,ワンピース,46,2019-02-06 7:01:53,2019-02-06 7:01:53
471,ベビードレス,46,2019-02-06 7:01:53,2019-02-06 7:01:53
472,おくるみ,46,2019-02-06 7:01:53,2019-02-06 7:01:53
473,下着/肌着,46,2019-02-06 7:01:53,2019-02-06 7:01:53
474,パジャマ,46,2019-02-06 7:01:53,2019-02-06 7:01:53
475,ロンパース,46,2019-02-06 7:01:53,2019-02-06 7:01:53
476,その他,46,2019-02-06 7:01:53,2019-02-06 7:01:53
477,トップス,47,2019-02-06 7:01:53,2019-02-06 7:01:53
478,アウター,47,2019-02-06 7:01:53,2019-02-06 7:01:53
479,パンツ,47,2019-02-06 7:01:53,2019-02-06 7:01:53
480,おくるみ,47,2019-02-06 7:01:53,2019-02-06 7:01:53
481,下着/肌着,47,2019-02-06 7:01:53,2019-02-06 7:01:53
482,パジャマ,47,2019-02-06 7:01:53,2019-02-06 7:01:53
483,ロンパース,47,2019-02-06 7:01:53,2019-02-06 7:01:53
484,その他,47,2019-02-06 7:01:53,2019-02-06 7:01:53
485,トップス,48,2019-02-06 7:01:53,2019-02-06 7:01:53
486,アウター,48,2019-02-06 7:01:53,2019-02-06 7:01:53
487,パンツ,48,2019-02-06 7:01:53,2019-02-06 7:01:53
488,おくるみ,48,2019-02-06 7:01:53,2019-02-06 7:01:53
489,下着/肌着,48,2019-02-06 7:01:53,2019-02-06 7:01:53
490,パジャマ,48,2019-02-06 7:01:53,2019-02-06 7:01:53
491,ロンパース,48,2019-02-06 7:01:53,2019-02-06 7:01:53
492,その他,48,2019-02-06 7:01:53,2019-02-06 7:01:53
493,コート,49,2019-02-06 7:01:53,2019-02-06 7:01:53
494,ジャケット/上着,49,2019-02-06 7:01:53,2019-02-06 7:01:53
495,トップス(Tシャツ/カットソー),49,2019-02-06 7:01:53,2019-02-06 7:01:53
496,トップス(トレーナー),49,2019-02-06 7:01:53,2019-02-06 7:01:53
497,トップス(チュニック),49,2019-02-06 7:01:53,2019-02-06 7:01:53
498,トップス(タンクトップ),49,2019-02-06 7:01:53,2019-02-06 7:01:53
499,トップス(その他),49,2019-02-06 7:01:53,2019-02-06 7:01:53
500,スカート,49,2019-02-06 7:01:53,2019-02-06 7:01:53
501,パンツ,49,2019-02-06 7:01:53,2019-02-06 7:01:53
502,ワンピース,49,2019-02-06 7:01:53,2019-02-06 7:01:53
503,セットアップ,49,2019-02-06 7:01:53,2019-02-06 7:01:53
504,パジャマ,49,2019-02-06 7:01:53,2019-02-06 7:01:53
505,フォーマル/ドレス,49,2019-02-06 7:01:53,2019-02-06 7:01:53
506,和服,49,2019-02-06 7:01:53,2019-02-06 7:01:53
507,浴衣,49,2019-02-06 7:01:53,2019-02-06 7:01:53
508,甚平,49,2019-02-06 7:01:53,2019-02-06 7:01:53
509,水着,49,2019-02-06 7:01:53,2019-02-06 7:01:53
510,その他,49,2019-02-06 7:01:53,2019-02-06 7:01:53
511,コート,50,2019-02-06 7:01:53,2019-02-06 7:01:53
512,ジャケット/上着,50,2019-02-06 7:01:53,2019-02-06 7:01:53
513,トップス(Tシャツ/カットソー),50,2019-02-06 7:01:53,2019-02-06 7:01:53
514,トップス(トレーナー),50,2019-02-06 7:01:53,2019-02-06 7:01:53
515,トップス(その他),50,2019-02-06 7:01:53,2019-02-06 7:01:53
516,パンツ,50,2019-02-06 7:01:53,2019-02-06 7:01:53
517,セットアップ,50,2019-02-06 7:01:53,2019-02-06 7:01:53
518,パジャマ,50,2019-02-06 7:01:53,2019-02-06 7:01:53
519,フォーマル/ドレス,50,2019-02-06 7:01:53,2019-02-06 7:01:53
520,和服,50,2019-02-06 7:01:53,2019-02-06 7:01:53
521,浴衣,50,2019-02-06 7:01:53,2019-02-06 7:01:53
522,甚平,50,2019-02-06 7:01:53,2019-02-06 7:01:53
523,水着,50,2019-02-06 7:01:53,2019-02-06 7:01:53
524,その他,50,2019-02-06 7:01:53,2019-02-06 7:01:53
525,コート,51,2019-02-06 7:01:53,2019-02-06 7:01:53
526,ジャケット/上着,51,2019-02-06 7:01:53,2019-02-06 7:01:53
527,トップス(Tシャツ/カットソー),51,2019-02-06 7:01:53,2019-02-06 7:01:53
528,トップス(トレーナー),51,2019-02-06 7:01:53,2019-02-06 7:01:53
529,トップス(その他),51,2019-02-06 7:01:53,2019-02-06 7:01:53
530,ボトムス,51,2019-02-06 7:01:53,2019-02-06 7:01:53
531,パジャマ,51,2019-02-06 7:01:53,2019-02-06 7:01:53
532,その他,51,2019-02-06 7:01:53,2019-02-06 7:01:53
533,スニーカー,52,2019-02-06 7:01:53,2019-02-06 7:01:53
534,サンダル,52,2019-02-06 7:01:53,2019-02-06 7:01:53
535,ブーツ,52,2019-02-06 7:01:53,2019-02-06 7:01:53
536,長靴,52,2019-02-06 7:01:53,2019-02-06 7:01:53
537,その他,52,2019-02-06 7:01:53,2019-02-06 7:01:53
538,靴下/スパッツ,53,2019-02-06 7:01:53,2019-02-06 7:01:53
539,帽子,53,2019-02-06 7:01:53,2019-02-06 7:01:53
540,サスペンダー,53,2019-02-06 7:01:53,2019-02-06 7:01:53
541,タイツ,53,2019-02-06 7:01:53,2019-02-06 7:01:53
542,ハンカチ,53,2019-02-06 7:01:53,2019-02-06 7:01:53
543,バンダナ,53,2019-02-06 7:01:53,2019-02-06 7:01:53
544,ベルト,53,2019-02-06 7:01:53,2019-02-06 7:01:53
545,マフラー,53,2019-02-06 7:01:53,2019-02-06 7:01:53
546,傘,53,2019-02-06 7:01:53,2019-02-06 7:01:53
547,手袋,53,2019-02-06 7:01:53,2019-02-06 7:01:53
548,スタイ,53,2019-02-06 7:01:53,2019-02-06 7:01:53
549,バッグ,53,2019-02-06 7:01:53,2019-02-06 7:01:53
550,その他,53,2019-02-06 7:01:53,2019-02-06 7:01:53
551,おむつ用品,54,2019-02-06 7:01:53,2019-02-06 7:01:53
552,おまる/補助便座,54,2019-02-06 7:01:53,2019-02-06 7:01:53
553,トレーニングパンツ,54,2019-02-06 7:01:53,2019-02-06 7:01:53
554,ベビーバス,54,2019-02-06 7:01:53,2019-02-06 7:01:53
555,お風呂用品,54,2019-02-06 7:01:53,2019-02-06 7:01:53
556,その他,54,2019-02-06 7:01:53,2019-02-06 7:01:53
557,ベビーカー,55,2019-02-06 7:01:53,2019-02-06 7:01:53
558,抱っこひも/スリング,55,2019-02-06 7:01:53,2019-02-06 7:01:53
559,チャイルドシート,55,2019-02-06 7:01:53,2019-02-06 7:01:53
560,その他,55,2019-02-06 7:01:53,2019-02-06 7:01:53
561,ミルク,56,2019-02-06 7:01:53,2019-02-06 7:01:53
562,ベビーフード,56,2019-02-06 7:01:53,2019-02-06 7:01:53
563,ベビー用食器,56,2019-02-06 7:01:53,2019-02-06 7:01:53
564,その他,56,2019-02-06 7:01:53,2019-02-06 7:01:53
565,ベッド,57,2019-02-06 7:01:53,2019-02-06 7:01:53
566,布団/毛布,57,2019-02-06 7:01:53,2019-02-06 7:01:53
567,イス,57,2019-02-06 7:01:53,2019-02-06 7:01:53
568,たんす,57,2019-02-06 7:01:53,2019-02-06 7:01:53
569,その他,57,2019-02-06 7:01:53,2019-02-06 7:01:53
570,おふろのおもちゃ,58,2019-02-06 7:01:53,2019-02-06 7:01:53
571,がらがら,58,2019-02-06 7:01:53,2019-02-06 7:01:53
572,オルゴール,58,2019-02-06 7:01:53,2019-02-06 7:01:53
573,ベビージム,58,2019-02-06 7:01:53,2019-02-06 7:01:53
574,手押し車/カタカタ,58,2019-02-06 7:01:53,2019-02-06 7:01:53
575,知育玩具,58,2019-02-06 7:01:53,2019-02-06 7:01:53
576,その他,58,2019-02-06 7:01:53,2019-02-06 7:01:53
577,お宮参り用品,59,2019-02-06 7:01:53,2019-02-06 7:01:53
578,お食い始め用品,59,2019-02-06 7:01:53,2019-02-06 7:01:53
579,アルバム,59,2019-02-06 7:01:53,2019-02-06 7:01:53
580,手形/足形,59,2019-02-06 7:01:53,2019-02-06 7:01:53
581,その他,59,2019-02-06 7:01:53,2019-02-06 7:01:53
582,母子手帳用品,60,2019-02-06 7:01:53,2019-02-06 7:01:53
583,その他,60,2019-02-06 7:01:53,2019-02-06 7:01:53
584,食器,61,2019-02-06 7:01:53,2019-02-06 7:01:53
585,調理器具,61,2019-02-06 7:01:53,2019-02-06 7:01:53
586,収納/キッチン雑貨,61,2019-02-06 7:01:53,2019-02-06 7:01:53
587,弁当用品,61,2019-02-06 7:01:53,2019-02-06 7:01:53
588,カトラリー(スプーン等),61,2019-02-06 7:01:53,2019-02-06 7:01:53
589,テーブル用品,61,2019-02-06 7:01:53,2019-02-06 7:01:53
590,容器,61,2019-02-06 7:01:53,2019-02-06 7:01:53
591,エプロン,61,2019-02-06 7:01:53,2019-02-06 7:01:53
592,アルコールグッズ,61,2019-02-06 7:01:53,2019-02-06 7:01:53
593,浄水機,61,2019-02-06 7:01:53,2019-02-06 7:01:53
594,その他,61,2019-02-06 7:01:53,2019-02-06 7:01:53
595,セミシングルベッド,62,2019-02-06 7:01:53,2019-02-06 7:01:53
596,シングルベッド,62,2019-02-06 7:01:53,2019-02-06 7:01:53
597,セミダブルベッド,62,2019-02-06 7:01:53,2019-02-06 7:01:53
598,ダブルベッド,62,2019-02-06 7:01:53,2019-02-06 7:01:53
599,ワイドダブルベッド,62,2019-02-06 7:01:53,2019-02-06 7:01:53
600,クイーンベッド,62,2019-02-06 7:01:53,2019-02-06 7:01:53
601,キングベッド,62,2019-02-06 7:01:53,2019-02-06 7:01:53
602,脚付きマットレスベッド,62,2019-02-06 7:01:53,2019-02-06 7:01:53
603,マットレス,62,2019-02-06 7:01:53,2019-02-06 7:01:53
604,すのこベッド,62,2019-02-06 7:01:53,2019-02-06 7:01:53
605,ロフトベッド/システムベッド,62,2019-02-06 7:01:53,2019-02-06 7:01:53
606,簡易ベッド/折りたたみベッド,62,2019-02-06 7:01:53,2019-02-06 7:01:53
607,収納付き,62,2019-02-06 7:01:53,2019-02-06 7:01:53
608,その他,62,2019-02-06 7:01:53,2019-02-06 7:01:53
609,ソファセット,63,2019-02-06 7:01:53,2019-02-06 7:01:53
610,シングルソファ,63,2019-02-06 7:01:53,2019-02-06 7:01:53
611,ラブソファ,63,2019-02-06 7:01:53,2019-02-06 7:01:53
612,トリプルソファ,63,2019-02-06 7:01:53,2019-02-06 7:01:53
613,オットマン,63,2019-02-06 7:01:53,2019-02-06 7:01:53
614,コーナーソファ,63,2019-02-06 7:01:53,2019-02-06 7:01:53
615,ビーズソファ/クッションソファ,63,2019-02-06 7:01:53,2019-02-06 7:01:53
616,ローソファ/フロアソファ,63,2019-02-06 7:01:53,2019-02-06 7:01:53
617,ソファベッド,63,2019-02-06 7:01:53,2019-02-06 7:01:53
618,応援セット,63,2019-02-06 7:01:53,2019-02-06 7:01:53
619,ソファカバー,63,2019-02-06 7:01:53,2019-02-06 7:01:53
620,リクライニングソファ,63,2019-02-06 7:01:53,2019-02-06 7:01:53
621,その他,63,2019-02-06 7:01:53,2019-02-06 7:01:53
622,一般,64,2019-02-06 7:01:53,2019-02-06 7:01:53
623,スツール,64,2019-02-06 7:01:53,2019-02-06 7:01:53
624,ダイニングチェア,64,2019-02-06 7:01:53,2019-02-06 7:01:53
625,ハイバックチェア,64,2019-02-06 7:01:53,2019-02-06 7:01:53
626,ロッキングチェア,64,2019-02-06 7:01:53,2019-02-06 7:01:53
627,座椅子,64,2019-02-06 7:01:53,2019-02-06 7:01:53
628,折り畳みイス,64,2019-02-06 7:01:53,2019-02-06 7:01:53
629,デスクチェア,64,2019-02-06 7:01:53,2019-02-06 7:01:53
630,その他,64,2019-02-06 7:01:53,2019-02-06 7:01:53
631,こたつ,65,2019-02-06 7:01:53,2019-02-06 7:01:53
632,カウンターテーブル,65,2019-02-06 7:01:53,2019-02-06 7:01:53
633,サイドテーブル,65,2019-02-06 7:01:53,2019-02-06 7:01:53
634,センターテーブル,65,2019-02-06 7:01:53,2019-02-06 7:01:53
635,ダイニングテーブル,65,2019-02-06 7:01:53,2019-02-06 7:01:53
636,座卓/ちゃぶ台,65,2019-02-06 7:01:53,2019-02-06 7:01:53
637,アウトドア用,65,2019-02-06 7:01:53,2019-02-06 7:01:53
638,パソコン用,65,2019-02-06 7:01:53,2019-02-06 7:01:53
639,事務机/学習机,65,2019-02-06 7:01:53,2019-02-06 7:01:53
640,その他,65,2019-02-06 7:01:53,2019-02-06 7:01:53
641,リビング収納,66,2019-02-06 7:01:53,2019-02-06 7:01:53
642,キッチン収納,66,2019-02-06 7:01:53,2019-02-06 7:01:53
643,玄関/屋外収納,66,2019-02-06 7:01:53,2019-02-06 7:01:53
644,バス/トイレ収納,66,2019-02-06 7:01:53,2019-02-06 7:01:53
645,本収納,66,2019-02-06 7:01:53,2019-02-06 7:01:53
646,本/CD/DVD収納,66,2019-02-06 7:01:53,2019-02-06 7:01:53
647,洋服タンス/押入れ収納,66,2019-02-06 7:01:53,2019-02-06 7:01:53
648,電話台/ファックス台,66,2019-02-06 7:01:53,2019-02-06 7:01:53
649,ドレッサー/鏡台,66,2019-02-06 7:01:53,2019-02-06 7:01:53
650,棚/ラック,66,2019-02-06 7:01:53,2019-02-06 7:01:53
651,ケース/ボックス,66,2019-02-06 7:01:53,2019-02-06 7:01:53
652,その他,66,2019-02-06 7:01:53,2019-02-06 7:01:53
653,カーテン,67,2019-02-06 7:01:53,2019-02-06 7:01:53
654,ブラインド,67,2019-02-06 7:01:53,2019-02-06 7:01:53
655,ロールスクリーン,67,2019-02-06 7:01:53,2019-02-06 7:01:53
656,のれん,67,2019-02-06 7:01:53,2019-02-06 7:01:53
657,その他,67,2019-02-06 7:01:53,2019-02-06 7:01:53
658,カーテン,68,2019-02-06 7:01:53,2019-02-06 7:01:53
659,ブラインド,68,2019-02-06 7:01:53,2019-02-06 7:01:53
660,ロールスクリーン,68,2019-02-06 7:01:53,2019-02-06 7:01:53
661,のれん,68,2019-02-06 7:01:53,2019-02-06 7:01:53
662,その他,68,2019-02-06 7:01:53,2019-02-06 7:01:53
663,蛍光灯/電球,69,2019-02-06 7:01:53,2019-02-06 7:01:53
664,天井照明,69,2019-02-06 7:01:53,2019-02-06 7:01:53
665,フロアスタンド,69,2019-02-06 7:01:53,2019-02-06 7:01:53
666,その他,69,2019-02-06 7:01:53,2019-02-06 7:01:53
667,布団/毛布,70,2019-02-06 7:01:53,2019-02-06 7:01:53
668,枕,70,2019-02-06 7:01:53,2019-02-06 7:01:53
669,シーツ/カバー,70,2019-02-06 7:01:53,2019-02-06 7:01:53
670,その他,70,2019-02-06 7:01:53,2019-02-06 7:01:53
671,ごみ箱,71,2019-02-06 7:01:53,2019-02-06 7:01:53
672,ウェルカムボード,71,2019-02-06 7:01:53,2019-02-06 7:01:53
673,オルゴール,71,2019-02-06 7:01:53,2019-02-06 7:01:53
674,クッション,71,2019-02-06 7:01:53,2019-02-06 7:01:53
675,クッションカバー,71,2019-02-06 7:01:53,2019-02-06 7:01:53
676,スリッパラック,71,2019-02-06 7:01:53,2019-02-06 7:01:53
677,ティッシュボックス,71,2019-02-06 7:01:53,2019-02-06 7:01:53
678,バスケット/かご,71,2019-02-06 7:01:53,2019-02-06 7:01:53
679,フォトフレーム,71,2019-02-06 7:01:53,2019-02-06 7:01:53
680,マガジンラック,71,2019-02-06 7:01:53,2019-02-06 7:01:53
681,モビール,71,2019-02-06 7:01:53,2019-02-06 7:01:53
682,花瓶,71,2019-02-06 7:01:53,2019-02-06 7:01:53
683,灰皿,71,2019-02-06 7:01:53,2019-02-06 7:01:53
684,傘立て,71,2019-02-06 7:01:53,2019-02-06 7:01:53
685,小物入れ,71,2019-02-06 7:01:53,2019-02-06 7:01:53
686,置時計,71,2019-02-06 7:01:53,2019-02-06 7:01:53
687,掛時計/柱時計,71,2019-02-06 7:01:53,2019-02-06 7:01:53
688,鏡(立て掛け式),71,2019-02-06 7:01:53,2019-02-06 7:01:53
689,鏡(壁掛け式),71,2019-02-06 7:01:53,2019-02-06 7:01:53
690,置物,71,2019-02-06 7:01:53,2019-02-06 7:01:53
691,風鈴,71,2019-02-06 7:01:53,2019-02-06 7:01:53
692,植物/観葉植物,71,2019-02-06 7:01:53,2019-02-06 7:01:53
693,その他,71,2019-02-06 7:01:53,2019-02-06 7:01:53
694,正月,72,2019-02-06 7:01:53,2019-02-06 7:01:53
695,成人式,72,2019-02-06 7:01:53,2019-02-06 7:01:53
696,バレンタインデー,72,2019-02-06 7:01:53,2019-02-06 7:01:53
697,ひな祭り,72,2019-02-06 7:01:53,2019-02-06 7:01:53
698,子どもの日,72,2019-02-06 7:01:53,2019-02-06 7:01:53
699,母の日,72,2019-02-06 7:01:53,2019-02-06 7:01:53
700,父の日,72,2019-02-06 7:01:53,2019-02-06 7:01:53
701,サマーギフト/お中元,72,2019-02-06 7:01:53,2019-02-06 7:01:53
702,夏/夏休み,72,2019-02-06 7:01:53,2019-02-06 7:01:53
703,ハロウィン,72,2019-02-06 7:01:53,2019-02-06 7:01:53
704,敬老の日,72,2019-02-06 7:01:53,2019-02-06 7:01:53
705,七五三,72,2019-02-06 7:01:53,2019-02-06 7:01:53
706,お歳暮,72,2019-02-06 7:01:53,2019-02-06 7:01:53
707,クリスマス,72,2019-02-06 7:01:53,2019-02-06 7:01:53
708,冬一般,72,2019-02-06 7:01:53,2019-02-06 7:01:53
709,その他,72,2019-02-06 7:01:53,2019-02-06 7:01:53
710,文学/小説,73,2019-02-06 7:01:53,2019-02-06 7:01:53
711,人文/社会,73,2019-02-06 7:01:53,2019-02-06 7:01:53
712,ノンフィクション/教養,73,2019-02-06 7:01:53,2019-02-06 7:01:53
713,地図/旅行ガイド,73,2019-02-06 7:01:53,2019-02-06 7:01:53
714,ビジネス/経済,73,2019-02-06 7:01:53,2019-02-06 7:01:53
715,健康/医学,73,2019-02-06 7:01:53,2019-02-06 7:01:53
716,コンピュータ/IT,73,2019-02-06 7:01:53,2019-02-06 7:01:53
717,趣味/スポーツ/実用,73,2019-02-06 7:01:53,2019-02-06 7:01:53
718,住まい/暮らし/子育て,73,2019-02-06 7:01:53,2019-02-06 7:01:53
719,アート/エンタメ,73,2019-02-06 7:01:53,2019-02-06 7:01:53
720,洋書,73,2019-02-06 7:01:53,2019-02-06 7:01:53
721,絵本,73,2019-02-06 7:01:53,2019-02-06 7:01:53
722,参考書,73,2019-02-06 7:01:53,2019-02-06 7:01:53
723,その他,73,2019-02-06 7:01:53,2019-02-06 7:01:53
724,全巻セット,74,2019-02-06 7:01:53,2019-02-06 7:01:53
725,少年漫画,74,2019-02-06 7:01:53,2019-02-06 7:01:53
726,少女漫画,74,2019-02-06 7:01:53,2019-02-06 7:01:53
727,青年漫画,74,2019-02-06 7:01:53,2019-02-06 7:01:53
728,女性漫画,74,2019-02-06 7:01:53,2019-02-06 7:01:53
729,同人誌,74,2019-02-06 7:01:53,2019-02-06 7:01:53
730,その他,74,2019-02-06 7:01:53,2019-02-06 7:01:53
731,アート/エンタメ/ホビー,75,2019-02-06 7:01:53,2019-02-06 7:01:53
732,ファッション,75,2019-02-06 7:01:53,2019-02-06 7:01:53
733,ニュース/総合,75,2019-02-06 7:01:53,2019-02-06 7:01:53
734,趣味/スポーツ,75,2019-02-06 7:01:53,2019-02-06 7:01:53
735,その他,75,2019-02-06 7:01:53,2019-02-06 7:01:53
736,邦楽,76,2019-02-06 7:01:53,2019-02-06 7:01:53
737,洋楽,76,2019-02-06 7:01:53,2019-02-06 7:01:53
738,アニメ,76,2019-02-06 7:01:53,2019-02-06 7:01:53
739,クラシック,76,2019-02-06 7:01:53,2019-02-06 7:01:53
740,K-POP/アジア,76,2019-02-06 7:01:53,2019-02-06 7:01:53
741,キッズ/ファミリー,76,2019-02-06 7:01:53,2019-02-06 7:01:53
742,その他,76,2019-02-06 7:01:53,2019-02-06 7:01:53
743,外国映画,77,2019-02-06 7:01:53,2019-02-06 7:01:53
744,日本映画,77,2019-02-06 7:01:53,2019-02-06 7:01:53
745,アニメ,77,2019-02-06 7:01:53,2019-02-06 7:01:53
746,TVドラマ,77,2019-02-06 7:01:53,2019-02-06 7:01:53
747,ミュージック,77,2019-02-06 7:01:53,2019-02-06 7:01:53
748,お笑い/バラエティ,77,2019-02-06 7:01:53,2019-02-06 7:01:53
749,スポーツ/フィットネス,77,2019-02-06 7:01:53,2019-02-06 7:01:53
750,キッズ/ファミリー,77,2019-02-06 7:01:53,2019-02-06 7:01:53
751,その他,77,2019-02-06 7:01:53,2019-02-06 7:01:53
752,邦楽,78,2019-02-06 7:01:53,2019-02-06 7:01:53
753,洋楽,78,2019-02-06 7:01:53,2019-02-06 7:01:53
754,その他,78,2019-02-06 7:01:53,2019-02-06 7:01:53
755,家庭用ゲーム本体,79,2019-02-06 7:01:53,2019-02-06 7:01:53
756,家庭用ゲームソフト,79,2019-02-06 7:01:53,2019-02-06 7:01:53
757,携帯用ゲーム本体,79,2019-02-06 7:01:53,2019-02-06 7:01:53
758,携帯用ゲームソフト,79,2019-02-06 7:01:53,2019-02-06 7:01:53
759,PCゲーム,79,2019-02-06 7:01:53,2019-02-06 7:01:53
760,その他,79,2019-02-06 7:01:53,2019-02-06 7:01:53
761,キャラクターグッズ,80,2019-02-06 7:01:53,2019-02-06 7:01:53
762,ぬいぐるみ,80,2019-02-06 7:01:53,2019-02-06 7:01:53
763,小物/アクセサリー,80,2019-02-06 7:01:53,2019-02-06 7:01:53
764,模型/プラモデル,80,2019-02-06 7:01:53,2019-02-06 7:01:53
765,ミニカー,80,2019-02-06 7:01:53,2019-02-06 7:01:53
766,トイラジコン,80,2019-02-06 7:01:53,2019-02-06 7:01:53
767,プラモデル,80,2019-02-06 7:01:53,2019-02-06 7:01:53
768,ホビーラジコン,80,2019-02-06 7:01:53,2019-02-06 7:01:53
769,鉄道模型,80,2019-02-06 7:01:53,2019-02-06 7:01:53
770,その他,80,2019-02-06 7:01:53,2019-02-06 7:01:53
771,アイドル,81,2019-02-06 7:01:53,2019-02-06 7:01:53
772,ミュージシャン,81,2019-02-06 7:01:53,2019-02-06 7:01:53
773,タレント/お笑い芸人,81,2019-02-06 7:01:53,2019-02-06 7:01:53
774,スポーツ選手,81,2019-02-06 7:01:53,2019-02-06 7:01:53
775,その他,81,2019-02-06 7:01:53,2019-02-06 7:01:53
776,ストラップ,82,2019-02-06 7:01:53,2019-02-06 7:01:53
777,キーホルダー,82,2019-02-06 7:01:53,2019-02-06 7:01:53
778,バッジ,82,2019-02-06 7:01:53,2019-02-06 7:01:53
779,カード,82,2019-02-06 7:01:53,2019-02-06 7:01:53
780,クリアファイル,82,2019-02-06 7:01:53,2019-02-06 7:01:53
781,ポスター,82,2019-02-06 7:01:53,2019-02-06 7:01:53
782,タオル,82,2019-02-06 7:01:53,2019-02-06 7:01:53
783,その他,82,2019-02-06 7:01:53,2019-02-06 7:01:53
784,遊戯王,83,2019-02-06 7:01:53,2019-02-06 7:01:53
785,マジック：ザ・ギャザリング,83,2019-02-06 7:01:53,2019-02-06 7:01:53
786,ポケモンカードゲーム,83,2019-02-06 7:01:53,2019-02-06 7:01:53
787,デュエルマスターズ,83,2019-02-06 7:01:53,2019-02-06 7:01:53
788,バトルスピリッツ,83,2019-02-06 7:01:53,2019-02-06 7:01:53
789,プリパラ,83,2019-02-06 7:01:53,2019-02-06 7:01:53
790,アイカツ,83,2019-02-06 7:01:53,2019-02-06 7:01:53
791,カードファイト!! ヴァンガード,83,2019-02-06 7:01:53,2019-02-06 7:01:53
792,ヴァイスシュヴァルツ,83,2019-02-06 7:01:53,2019-02-06 7:01:53
793,プロ野球オーナーズリーグ,83,2019-02-06 7:01:53,2019-02-06 7:01:53
794,ベースボールヒーローズ,83,2019-02-06 7:01:53,2019-02-06 7:01:53
795,ドラゴンボール,83,2019-02-06 7:01:53,2019-02-06 7:01:53
796,スリーブ,83,2019-02-06 7:01:53,2019-02-06 7:01:53
797,その他,83,2019-02-06 7:01:53,2019-02-06 7:01:53
798,コミック/アニメ,84,2019-02-06 7:01:53,2019-02-06 7:01:53
799,特撮,84,2019-02-06 7:01:53,2019-02-06 7:01:53
800,ゲームキャラクター,84,2019-02-06 7:01:53,2019-02-06 7:01:53
801,SF/ファンタジー/ホラー,84,2019-02-06 7:01:53,2019-02-06 7:01:53
802,アメコミ,84,2019-02-06 7:01:53,2019-02-06 7:01:53
803,スポーツ,84,2019-02-06 7:01:53,2019-02-06 7:01:53
804,ミリタリー,84,2019-02-06 7:01:53,2019-02-06 7:01:53
805,その他,84,2019-02-06 7:01:53,2019-02-06 7:01:53
806,エレキギター,85,2019-02-06 7:01:53,2019-02-06 7:01:53
807,アコースティックギター,85,2019-02-06 7:01:53,2019-02-06 7:01:53
808,ベース,85,2019-02-06 7:01:53,2019-02-06 7:01:53
809,エフェクター,85,2019-02-06 7:01:53,2019-02-06 7:01:53
810,アンプ,85,2019-02-06 7:01:53,2019-02-06 7:01:53
811,弦楽器,85,2019-02-06 7:01:53,2019-02-06 7:01:53
812,管楽器,85,2019-02-06 7:01:53,2019-02-06 7:01:53
813,鍵盤楽器,85,2019-02-06 7:01:53,2019-02-06 7:01:53
814,打楽器,85,2019-02-06 7:01:53,2019-02-06 7:01:53
815,和楽器,85,2019-02-06 7:01:53,2019-02-06 7:01:53
816,楽譜/スコア,85,2019-02-06 7:01:53,2019-02-06 7:01:53
817,レコーディング/PA機器,85,2019-02-06 7:01:53,2019-02-06 7:01:53
818,DJ機器,85,2019-02-06 7:01:53,2019-02-06 7:01:53
819,DTM/DAW,85,2019-02-06 7:01:53,2019-02-06 7:01:53
820,その他,85,2019-02-06 7:01:53,2019-02-06 7:01:53
821,武具,86,2019-02-06 7:01:53,2019-02-06 7:01:53
822,使用済切手/官製はがき,86,2019-02-06 7:01:53,2019-02-06 7:01:53
823,旧貨幣/金貨/銀貨/記念硬貨,86,2019-02-06 7:01:53,2019-02-06 7:01:53
824,印刷物,86,2019-02-06 7:01:53,2019-02-06 7:01:53
825,ノベルティグッズ,86,2019-02-06 7:01:53,2019-02-06 7:01:53
826,その他,86,2019-02-06 7:01:53,2019-02-06 7:01:53
827,トイガン,87,2019-02-06 7:01:53,2019-02-06 7:01:53
828,個人装備,87,2019-02-06 7:01:53,2019-02-06 7:01:53
829,その他,87,2019-02-06 7:01:53,2019-02-06 7:01:53
830,陶芸,88,2019-02-06 7:01:53,2019-02-06 7:01:53
831,ガラス,88,2019-02-06 7:01:53,2019-02-06 7:01:53
832,漆芸,88,2019-02-06 7:01:53,2019-02-06 7:01:53
833,金属工芸,88,2019-02-06 7:01:53,2019-02-06 7:01:53
834,絵画/タペストリ,88,2019-02-06 7:01:53,2019-02-06 7:01:53
835,版画,88,2019-02-06 7:01:53,2019-02-06 7:01:53
836,彫刻/オブジェクト,88,2019-02-06 7:01:53,2019-02-06 7:01:53
837,書,88,2019-02-06 7:01:53,2019-02-06 7:01:53
838,写真,88,2019-02-06 7:01:53,2019-02-06 7:01:53
839,その他,88,2019-02-06 7:01:53,2019-02-06 7:01:53
840,画材,89,2019-02-06 7:01:53,2019-02-06 7:01:53
841,額縁,89,2019-02-06 7:01:53,2019-02-06 7:01:53
842,その他,89,2019-02-06 7:01:53,2019-02-06 7:01:53
843,トランプ/UNO,90,2019-02-06 7:01:53,2019-02-06 7:01:53
844,カルタ/百人一首,90,2019-02-06 7:01:53,2019-02-06 7:01:53
845,ダーツ,90,2019-02-06 7:01:53,2019-02-06 7:01:53
846,ビリヤード,90,2019-02-06 7:01:53,2019-02-06 7:01:53
847,麻雀,90,2019-02-06 7:01:53,2019-02-06 7:01:53
848,パズル/ジグソーパズル,90,2019-02-06 7:01:53,2019-02-06 7:01:53
849,囲碁/将棋,90,2019-02-06 7:01:53,2019-02-06 7:01:53
850,オセロ/チェス,90,2019-02-06 7:01:53,2019-02-06 7:01:53
851,人生ゲーム,90,2019-02-06 7:01:53,2019-02-06 7:01:53
852,野球/サッカーゲーム,90,2019-02-06 7:01:53,2019-02-06 7:01:53
853,スポーツ,90,2019-02-06 7:01:53,2019-02-06 7:01:53
854,三輪車/乗り物,90,2019-02-06 7:01:53,2019-02-06 7:01:53
855,ヨーヨー,90,2019-02-06 7:01:53,2019-02-06 7:01:53
856,模型製作用品,90,2019-02-06 7:01:53,2019-02-06 7:01:53
857,鉄道,90,2019-02-06 7:01:53,2019-02-06 7:01:53
858,航空機,90,2019-02-06 7:01:53,2019-02-06 7:01:53
859,アマチュア無線,90,2019-02-06 7:01:53,2019-02-06 7:01:53
860,パチンコ/パチスロ,90,2019-02-06 7:01:53,2019-02-06 7:01:53
861,その他,90,2019-02-06 7:01:53,2019-02-06 7:01:53
862,ファンデーション,91,2019-02-06 7:01:53,2019-02-06 7:01:53
863,化粧下地,91,2019-02-06 7:01:53,2019-02-06 7:01:53
864,コントロールカラー,91,2019-02-06 7:01:53,2019-02-06 7:01:53
865,BBクリーム,91,2019-02-06 7:01:53,2019-02-06 7:01:53
866,CCクリーム,91,2019-02-06 7:01:53,2019-02-06 7:01:53
867,コンシーラー,91,2019-02-06 7:01:53,2019-02-06 7:01:53
868,フェイスパウダー,91,2019-02-06 7:01:53,2019-02-06 7:01:53
869,トライアルセット/サンプル,91,2019-02-06 7:01:53,2019-02-06 7:01:53
870,その他,91,2019-02-06 7:01:53,2019-02-06 7:01:53
871,アイシャドウ,92,2019-02-06 7:01:53,2019-02-06 7:01:53
872,口紅,92,2019-02-06 7:01:53,2019-02-06 7:01:53
873,リップグロス,92,2019-02-06 7:01:53,2019-02-06 7:01:53
874,リップライナー,92,2019-02-06 7:01:53,2019-02-06 7:01:53
875,チーク,92,2019-02-06 7:01:53,2019-02-06 7:01:53
876,フェイスカラー,92,2019-02-06 7:01:53,2019-02-06 7:01:53
877,マスカラ,92,2019-02-06 7:01:53,2019-02-06 7:01:53
878,アイライナー,92,2019-02-06 7:01:53,2019-02-06 7:01:53
879,つけまつげ,92,2019-02-06 7:01:53,2019-02-06 7:01:53
880,アイブロウペンシル,92,2019-02-06 7:01:53,2019-02-06 7:01:53
881,パウダーアイブロウ,92,2019-02-06 7:01:53,2019-02-06 7:01:53
882,眉マスカラ,92,2019-02-06 7:01:53,2019-02-06 7:01:53
883,トライアルセット/サンプル,92,2019-02-06 7:01:53,2019-02-06 7:01:53
884,メイク道具/化粧小物,92,2019-02-06 7:01:53,2019-02-06 7:01:53
885,美顔用品/美顔ローラー,92,2019-02-06 7:01:53,2019-02-06 7:01:53
886,その他,92,2019-02-06 7:01:53,2019-02-06 7:01:53
887,ネイルカラー,93,2019-02-06 7:01:53,2019-02-06 7:01:53
888,カラージェル,93,2019-02-06 7:01:53,2019-02-06 7:01:53
889,ネイルベースコート/トップコート,93,2019-02-06 7:01:53,2019-02-06 7:01:53
890,ネイルアート用品,93,2019-02-06 7:01:53,2019-02-06 7:01:53
891,ネイルパーツ,93,2019-02-06 7:01:53,2019-02-06 7:01:53
892,ネイルチップ/付け爪,93,2019-02-06 7:01:53,2019-02-06 7:01:53
893,手入れ用具,93,2019-02-06 7:01:53,2019-02-06 7:01:53
894,除光液,93,2019-02-06 7:01:53,2019-02-06 7:01:53
895,その他,93,2019-02-06 7:01:53,2019-02-06 7:01:53
896,香水(女性用),94,2019-02-06 7:01:53,2019-02-06 7:01:53
897,香水(男性用),94,2019-02-06 7:01:53,2019-02-06 7:01:53
898,ユニセックス,94,2019-02-06 7:01:53,2019-02-06 7:01:53
899,ボディミスト,94,2019-02-06 7:01:53,2019-02-06 7:01:53
900,その他,94,2019-02-06 7:01:53,2019-02-06 7:01:53
901,化粧水/ローション,95,2019-02-06 7:01:53,2019-02-06 7:01:53
902,乳液/ミルク,95,2019-02-06 7:01:53,2019-02-06 7:01:53
903,美容液,95,2019-02-06 7:01:53,2019-02-06 7:01:53
904,フェイスクリーム,95,2019-02-06 7:01:53,2019-02-06 7:01:53
905,洗顔料,95,2019-02-06 7:01:53,2019-02-06 7:01:53
906,クレンジング/メイク落とし,95,2019-02-06 7:01:53,2019-02-06 7:01:53
907,パック/フェイスマスク,95,2019-02-06 7:01:53,2019-02-06 7:01:53
908,ジェル/ゲル,95,2019-02-06 7:01:53,2019-02-06 7:01:53
909,ブースター/導入液,95,2019-02-06 7:01:53,2019-02-06 7:01:53
910,アイケア,95,2019-02-06 7:01:53,2019-02-06 7:01:53
911,リップケア,95,2019-02-06 7:01:53,2019-02-06 7:01:53
912,トライアルセット/サンプル,95,2019-02-06 7:01:53,2019-02-06 7:01:53
913,洗顔グッズ,95,2019-02-06 7:01:53,2019-02-06 7:01:53
914,その他,95,2019-02-06 7:01:53,2019-02-06 7:01:53
915,シャンプー,96,2019-02-06 7:01:53,2019-02-06 7:01:53
916,トリートメント,96,2019-02-06 7:01:53,2019-02-06 7:01:53
917,コンディショナー,96,2019-02-06 7:01:53,2019-02-06 7:01:53
918,リンス,96,2019-02-06 7:01:53,2019-02-06 7:01:53
919,スタイリング剤,96,2019-02-06 7:01:53,2019-02-06 7:01:53
920,カラーリング剤,96,2019-02-06 7:01:53,2019-02-06 7:01:53
921,ブラシ,96,2019-02-06 7:01:53,2019-02-06 7:01:53
922,その他,96,2019-02-06 7:01:53,2019-02-06 7:01:53
923,オイル/クリーム,97,2019-02-06 7:01:53,2019-02-06 7:01:53
924,ハンドクリーム,97,2019-02-06 7:01:53,2019-02-06 7:01:53
925,ローション,97,2019-02-06 7:01:53,2019-02-06 7:01:53
926,日焼け止め/サンオイル,97,2019-02-06 7:01:53,2019-02-06 7:01:53
927,ボディソープ,97,2019-02-06 7:01:53,2019-02-06 7:01:53
928,入浴剤,97,2019-02-06 7:01:53,2019-02-06 7:01:53
929,制汗/デオドラント,97,2019-02-06 7:01:53,2019-02-06 7:01:53
930,フットケア,97,2019-02-06 7:01:53,2019-02-06 7:01:53
931,その他,97,2019-02-06 7:01:53,2019-02-06 7:01:53
932,口臭防止/エチケット用品,98,2019-02-06 7:01:53,2019-02-06 7:01:53
933,歯ブラシ,98,2019-02-06 7:01:53,2019-02-06 7:01:53
934,その他,98,2019-02-06 7:01:53,2019-02-06 7:01:53
935,エッセンシャルオイル,99,2019-02-06 7:01:53,2019-02-06 7:01:53
936,芳香器,99,2019-02-06 7:01:53,2019-02-06 7:01:53
937,お香/香炉,99,2019-02-06 7:01:53,2019-02-06 7:01:53
938,キャンドル,99,2019-02-06 7:01:53,2019-02-06 7:01:53
939,リラクゼーショングッズ,99,2019-02-06 7:01:53,2019-02-06 7:01:53
940,その他,99,2019-02-06 7:01:53,2019-02-06 7:01:53
941,ダイエット食品,100,2019-02-06 7:01:53,2019-02-06 7:01:53
942,エクササイズ用品,100,2019-02-06 7:01:53,2019-02-06 7:01:53
943,体重計,100,2019-02-06 7:01:53,2019-02-06 7:01:53
944,体脂肪計,100,2019-02-06 7:01:53,2019-02-06 7:01:53
945,その他,100,2019-02-06 7:01:53,2019-02-06 7:01:53
946,健康用品,101,2019-02-06 7:01:53,2019-02-06 7:01:53
947,看護/介護用品,101,2019-02-06 7:01:53,2019-02-06 7:01:53
948,救急/衛生用品,101,2019-02-06 7:01:53,2019-02-06 7:01:53
949,その他,101,2019-02-06 7:01:53,2019-02-06 7:01:53
950,スマートフォン本体,102,2019-02-06 7:01:53,2019-02-06 7:01:53
951,バッテリー/充電器,102,2019-02-06 7:01:53,2019-02-06 7:01:53
952,携帯電話本体,102,2019-02-06 7:01:53,2019-02-06 7:01:53
953,PHS本体,102,2019-02-06 7:01:53,2019-02-06 7:01:53
954,その他,102,2019-02-06 7:01:53,2019-02-06 7:01:53
955,Android用ケース,103,2019-02-06 7:01:53,2019-02-06 7:01:53
956,iPhone用ケース,103,2019-02-06 7:01:53,2019-02-06 7:01:53
957,カバー,103,2019-02-06 7:01:53,2019-02-06 7:01:53
958,イヤホンジャック,103,2019-02-06 7:01:53,2019-02-06 7:01:53
959,ストラップ,103,2019-02-06 7:01:53,2019-02-06 7:01:53
960,フィルム,103,2019-02-06 7:01:53,2019-02-06 7:01:53
961,自撮り棒,103,2019-02-06 7:01:53,2019-02-06 7:01:53
962,その他,103,2019-02-06 7:01:53,2019-02-06 7:01:53
963,タブレット,104,2019-02-06 7:01:53,2019-02-06 7:01:53
964,ノートPC,104,2019-02-06 7:01:53,2019-02-06 7:01:53
965,デスクトップ型PC,104,2019-02-06 7:01:53,2019-02-06 7:01:53
966,ディスプレイ,104,2019-02-06 7:01:53,2019-02-06 7:01:53
967,電子ブックリーダー,104,2019-02-06 7:01:53,2019-02-06 7:01:53
968,PC周辺機器,104,2019-02-06 7:01:53,2019-02-06 7:01:53
969,PCパーツ,104,2019-02-06 7:01:53,2019-02-06 7:01:53
970,その他,104,2019-02-06 7:01:53,2019-02-06 7:01:53
971,デジタルカメラ,105,2019-02-06 7:01:53,2019-02-06 7:01:53
972,ビデオカメラ,105,2019-02-06 7:01:53,2019-02-06 7:01:53
973,レンズ(単焦点),105,2019-02-06 7:01:53,2019-02-06 7:01:53
974,レンズ(ズーム),105,2019-02-06 7:01:53,2019-02-06 7:01:53
975,フィルムカメラ,105,2019-02-06 7:01:53,2019-02-06 7:01:53
976,防犯カメラ,105,2019-02-06 7:01:53,2019-02-06 7:01:53
977,その他,105,2019-02-06 7:01:53,2019-02-06 7:01:53
978,テレビ,106,2019-02-06 7:01:53,2019-02-06 7:01:53
979,プロジェクター,106,2019-02-06 7:01:53,2019-02-06 7:01:53
980,ブルーレイレコーダー,106,2019-02-06 7:01:53,2019-02-06 7:01:53
981,DVDレコーダー,106,2019-02-06 7:01:53,2019-02-06 7:01:53
982,ブルーレイプレーヤー,106,2019-02-06 7:01:53,2019-02-06 7:01:53
983,DVDプレーヤー,106,2019-02-06 7:01:53,2019-02-06 7:01:53
984,映像用ケーブル,106,2019-02-06 7:01:53,2019-02-06 7:01:53
985,その他,106,2019-02-06 7:01:53,2019-02-06 7:01:53
986,ポータブルプレーヤー,107,2019-02-06 7:01:53,2019-02-06 7:01:53
987,イヤフォン,107,2019-02-06 7:01:53,2019-02-06 7:01:53
988,ヘッドフォン,107,2019-02-06 7:01:53,2019-02-06 7:01:53
989,アンプ,107,2019-02-06 7:01:53,2019-02-06 7:01:53
990,スピーカー,107,2019-02-06 7:01:53,2019-02-06 7:01:53
991,ケーブル/シールド,107,2019-02-06 7:01:53,2019-02-06 7:01:53
992,ラジオ,107,2019-02-06 7:01:53,2019-02-06 7:01:53
993,その他,107,2019-02-06 7:01:53,2019-02-06 7:01:53
994,ヘアドライヤー,108,2019-02-06 7:01:53,2019-02-06 7:01:53
995,ヘアアイロン,108,2019-02-06 7:01:53,2019-02-06 7:01:53
996,美容機器,108,2019-02-06 7:01:53,2019-02-06 7:01:53
997,電気シェーバー,108,2019-02-06 7:01:53,2019-02-06 7:01:53
998,電動歯ブラシ,108,2019-02-06 7:01:53,2019-02-06 7:01:53
999,その他,108,2019-02-06 7:01:53,2019-02-06 7:01:53
1000,エアコン,109,2019-02-06 7:01:53,2019-02-06 7:01:53
1001,空気清浄器,109,2019-02-06 7:01:53,2019-02-06 7:01:53
1002,加湿器,109,2019-02-06 7:01:53,2019-02-06 7:01:53
1003,扇風機,109,2019-02-06 7:01:53,2019-02-06 7:01:53
1004,除湿機,109,2019-02-06 7:01:53,2019-02-06 7:01:53
1005,ファンヒーター,109,2019-02-06 7:01:53,2019-02-06 7:01:53
1006,電気ヒーター,109,2019-02-06 7:01:53,2019-02-06 7:01:53
1007,オイルヒーター,109,2019-02-06 7:01:53,2019-02-06 7:01:53
1008,ストーブ,109,2019-02-06 7:01:53,2019-02-06 7:01:53
1009,ホットカーペット,109,2019-02-06 7:01:53,2019-02-06 7:01:53
1010,こたつ,109,2019-02-06 7:01:53,2019-02-06 7:01:53
1011,電気毛布,109,2019-02-06 7:01:53,2019-02-06 7:01:53
1012,その他,109,2019-02-06 7:01:53,2019-02-06 7:01:53
1013,冷蔵庫,110,2019-02-06 7:01:53,2019-02-06 7:01:53
1014,洗濯機,110,2019-02-06 7:01:53,2019-02-06 7:01:53
1015,炊飯器,110,2019-02-06 7:01:53,2019-02-06 7:01:53
1016,電子レンジ/オーブン,110,2019-02-06 7:01:53,2019-02-06 7:01:53
1017,調理機器,110,2019-02-06 7:01:53,2019-02-06 7:01:53
1018,アイロン,110,2019-02-06 7:01:53,2019-02-06 7:01:53
1019,掃除機,110,2019-02-06 7:01:53,2019-02-06 7:01:53
1020,エスプレッソマシン,110,2019-02-06 7:01:53,2019-02-06 7:01:53
1021,コーヒーメーカー,110,2019-02-06 7:01:53,2019-02-06 7:01:53
1022,衣類乾燥機,110,2019-02-06 7:01:53,2019-02-06 7:01:53
1023,その他,110,2019-02-06 7:01:53,2019-02-06 7:01:53
1024,その他,111,2019-02-06 7:01:53,2019-02-06 7:01:53
1025,クラブ,112,2019-02-06 7:01:53,2019-02-06 7:01:53
1026,ウエア(男性用),112,2019-02-06 7:01:53,2019-02-06 7:01:53
1027,ウエア(女性用),112,2019-02-06 7:01:53,2019-02-06 7:01:53
1028,バッグ,112,2019-02-06 7:01:53,2019-02-06 7:01:53
1029,シューズ(男性用),112,2019-02-06 7:01:53,2019-02-06 7:01:53
1030,シューズ(女性用),112,2019-02-06 7:01:53,2019-02-06 7:01:53
1031,アクセサリー,112,2019-02-06 7:01:53,2019-02-06 7:01:53
1032,その他,112,2019-02-06 7:01:53,2019-02-06 7:01:53
1033,ロッド,113,2019-02-06 7:01:53,2019-02-06 7:01:53
1034,リール,113,2019-02-06 7:01:53,2019-02-06 7:01:53
1035,ルアー用品,113,2019-02-06 7:01:53,2019-02-06 7:01:53
1036,ウエア,113,2019-02-06 7:01:53,2019-02-06 7:01:53
1037,釣り糸/ライン,113,2019-02-06 7:01:53,2019-02-06 7:01:53
1038,その他,113,2019-02-06 7:01:53,2019-02-06 7:01:53
1039,自転車本体,114,2019-02-06 7:01:53,2019-02-06 7:01:53
1040,ウエア,114,2019-02-06 7:01:53,2019-02-06 7:01:53
1041,パーツ,114,2019-02-06 7:01:53,2019-02-06 7:01:53
1042,アクセサリー,114,2019-02-06 7:01:53,2019-02-06 7:01:53
1043,バッグ,114,2019-02-06 7:01:53,2019-02-06 7:01:53
1044,工具/メンテナンス,114,2019-02-06 7:01:53,2019-02-06 7:01:53
1045,その他,114,2019-02-06 7:01:53,2019-02-06 7:01:53
1046,ランニング,115,2019-02-06 7:01:53,2019-02-06 7:01:53
1047,ウォーキング,115,2019-02-06 7:01:53,2019-02-06 7:01:53
1048,ヨガ,115,2019-02-06 7:01:53,2019-02-06 7:01:53
1049,トレーニング用品,115,2019-02-06 7:01:53,2019-02-06 7:01:53
1050,その他,115,2019-02-06 7:01:53,2019-02-06 7:01:53
1051,ウェア,116,2019-02-06 7:01:53,2019-02-06 7:01:53
1052,シューズ,116,2019-02-06 7:01:53,2019-02-06 7:01:53
1053,グローブ,116,2019-02-06 7:01:53,2019-02-06 7:01:53
1054,バット,116,2019-02-06 7:01:53,2019-02-06 7:01:53
1055,アクセサリー,116,2019-02-06 7:01:53,2019-02-06 7:01:53
1056,防具,116,2019-02-06 7:01:53,2019-02-06 7:01:53
1057,練習機器,116,2019-02-06 7:01:53,2019-02-06 7:01:53
1058,記念グッズ,116,2019-02-06 7:01:53,2019-02-06 7:01:53
1059,応援グッズ,116,2019-02-06 7:01:53,2019-02-06 7:01:53
1060,その他,116,2019-02-06 7:01:53,2019-02-06 7:01:53
1061,ウェア,117,2019-02-06 7:01:53,2019-02-06 7:01:53
1062,シューズ,117,2019-02-06 7:01:53,2019-02-06 7:01:53
1063,ボール,117,2019-02-06 7:01:53,2019-02-06 7:01:53
1064,アクセサリー,117,2019-02-06 7:01:53,2019-02-06 7:01:53
1065,記念グッズ,117,2019-02-06 7:01:53,2019-02-06 7:01:53
1066,応援グッズ,117,2019-02-06 7:01:53,2019-02-06 7:01:53
1067,その他,117,2019-02-06 7:01:53,2019-02-06 7:01:53
1068,ラケット(硬式用),118,2019-02-06 7:01:53,2019-02-06 7:01:53
1069,ラケット(軟式用),118,2019-02-06 7:01:53,2019-02-06 7:01:53
1070,ウェア,118,2019-02-06 7:01:53,2019-02-06 7:01:53
1071,シューズ,118,2019-02-06 7:01:53,2019-02-06 7:01:53
1072,ボール,118,2019-02-06 7:01:53,2019-02-06 7:01:53
1073,アクセサリー,118,2019-02-06 7:01:53,2019-02-06 7:01:53
1074,記念グッズ,118,2019-02-06 7:01:53,2019-02-06 7:01:53
1075,応援グッズ,118,2019-02-06 7:01:53,2019-02-06 7:01:53
1076,その他,118,2019-02-06 7:01:53,2019-02-06 7:01:53
1077,ボード,119,2019-02-06 7:01:53,2019-02-06 7:01:53
1078,バインディング,119,2019-02-06 7:01:53,2019-02-06 7:01:53
1079,ブーツ(男性用),119,2019-02-06 7:01:53,2019-02-06 7:01:53
1080,ブーツ(女性用),119,2019-02-06 7:01:53,2019-02-06 7:01:53
1081,ブーツ(子ども用),119,2019-02-06 7:01:53,2019-02-06 7:01:53
1082,ウエア/装備(男性用),119,2019-02-06 7:01:53,2019-02-06 7:01:53
1083,ウエア/装備(女性用),119,2019-02-06 7:01:53,2019-02-06 7:01:53
1084,ウエア/装備(子ども用),119,2019-02-06 7:01:53,2019-02-06 7:01:53
1085,アクセサリー,119,2019-02-06 7:01:53,2019-02-06 7:01:53
1086,バッグ,119,2019-02-06 7:01:53,2019-02-06 7:01:53
1087,その他,119,2019-02-06 7:01:53,2019-02-06 7:01:53
1088,板,120,2019-02-06 7:01:53,2019-02-06 7:01:53
1089,ブーツ(男性用),120,2019-02-06 7:01:53,2019-02-06 7:01:53
1090,ブーツ(女性用),120,2019-02-06 7:01:53,2019-02-06 7:01:53
1091,ブーツ(子ども用),120,2019-02-06 7:01:53,2019-02-06 7:01:53
1092,ビンディング,120,2019-02-06 7:01:53,2019-02-06 7:01:53
1093,ウエア(男性用),120,2019-02-06 7:01:53,2019-02-06 7:01:53
1094,ウエア(女性用),120,2019-02-06 7:01:53,2019-02-06 7:01:53
1095,ウエア(子ども用),120,2019-02-06 7:01:53,2019-02-06 7:01:53
1096,ストック,120,2019-02-06 7:01:53,2019-02-06 7:01:53
1097,その他,120,2019-02-06 7:01:53,2019-02-06 7:01:53
1098,ダンス/バレエ,121,2019-02-06 7:01:53,2019-02-06 7:01:53
1099,サーフィン,121,2019-02-06 7:01:53,2019-02-06 7:01:53
1100,バスケットボール,121,2019-02-06 7:01:53,2019-02-06 7:01:53
1101,バドミントン,121,2019-02-06 7:01:53,2019-02-06 7:01:53
1102,バレーボール,121,2019-02-06 7:01:53,2019-02-06 7:01:53
1103,スケートボード,121,2019-02-06 7:01:53,2019-02-06 7:01:53
1104,陸上競技,121,2019-02-06 7:01:53,2019-02-06 7:01:53
1105,ラグビー,121,2019-02-06 7:01:53,2019-02-06 7:01:53
1106,アメリカンフットボール,121,2019-02-06 7:01:53,2019-02-06 7:01:53
1107,ボクシング,121,2019-02-06 7:01:53,2019-02-06 7:01:53
1108,ボウリング,121,2019-02-06 7:01:53,2019-02-06 7:01:53
1109,その他,121,2019-02-06 7:01:53,2019-02-06 7:01:53
1110,テント/タープ,122,2019-02-06 7:01:53,2019-02-06 7:01:53
1111,ライト/ランタン,122,2019-02-06 7:01:53,2019-02-06 7:01:53
1112,寝袋/寝具,122,2019-02-06 7:01:53,2019-02-06 7:01:53
1113,テーブル/チェア,122,2019-02-06 7:01:53,2019-02-06 7:01:53
1114,ストーブ/コンロ,122,2019-02-06 7:01:53,2019-02-06 7:01:53
1115,調理器具,122,2019-02-06 7:01:53,2019-02-06 7:01:53
1116,食器,122,2019-02-06 7:01:53,2019-02-06 7:01:53
1117,登山用品,122,2019-02-06 7:01:53,2019-02-06 7:01:53
1118,その他,122,2019-02-06 7:01:53,2019-02-06 7:01:53
1119,旅行用品,123,2019-02-06 7:01:53,2019-02-06 7:01:53
1120,その他,123,2019-02-06 7:01:53,2019-02-06 7:01:53
1121,ピアス,124,2019-02-06 7:01:53,2019-02-06 7:01:53
1122,イヤリング,124,2019-02-06 7:01:53,2019-02-06 7:01:53
1123,ネックレス,124,2019-02-06 7:01:53,2019-02-06 7:01:53
1124,ブレスレット,124,2019-02-06 7:01:53,2019-02-06 7:01:53
1125,リング,124,2019-02-06 7:01:53,2019-02-06 7:01:53
1126,チャーム,124,2019-02-06 7:01:53,2019-02-06 7:01:53
1127,ヘアゴム,124,2019-02-06 7:01:53,2019-02-06 7:01:53
1128,アンクレット,124,2019-02-06 7:01:53,2019-02-06 7:01:53
1129,その他,124,2019-02-06 7:01:53,2019-02-06 7:01:53
1130,バッグ(女性用),125,2019-02-06 7:01:53,2019-02-06 7:01:53
1131,バッグ(男性用),125,2019-02-06 7:01:53,2019-02-06 7:01:53
1132,財布(女性用),125,2019-02-06 7:01:53,2019-02-06 7:01:53
1133,財布(男性用),125,2019-02-06 7:01:53,2019-02-06 7:01:53
1134,ファッション雑貨,125,2019-02-06 7:01:53,2019-02-06 7:01:53
1135,その他,125,2019-02-06 7:01:53,2019-02-06 7:01:53
1136,アクセサリー(男性用),126,2019-02-06 7:01:53,2019-02-06 7:01:53
1137,時計(女性用),126,2019-02-06 7:01:53,2019-02-06 7:01:53
1138,時計(男性用),126,2019-02-06 7:01:53,2019-02-06 7:01:53
1139,その他,126,2019-02-06 7:01:53,2019-02-06 7:01:53
1140,キッチン用品,127,2019-02-06 7:01:53,2019-02-06 7:01:53
1141,家具,127,2019-02-06 7:01:53,2019-02-06 7:01:53
1142,文房具,127,2019-02-06 7:01:53,2019-02-06 7:01:53
1143,アート/写真,127,2019-02-06 7:01:53,2019-02-06 7:01:53
1144,アロマ/キャンドル,127,2019-02-06 7:01:53,2019-02-06 7:01:53
1145,フラワー/ガーデン,127,2019-02-06 7:01:53,2019-02-06 7:01:53
1146,その他,127,2019-02-06 7:01:53,2019-02-06 7:01:53
1147,クラフト/布製品,128,2019-02-06 7:01:53,2019-02-06 7:01:53
1148,おもちゃ/人形,128,2019-02-06 7:01:53,2019-02-06 7:01:53
1149,その他,128,2019-02-06 7:01:53,2019-02-06 7:01:53
1150,ファッション雑貨,129,2019-02-06 7:01:53,2019-02-06 7:01:53
1151,スタイ/よだれかけ,129,2019-02-06 7:01:53,2019-02-06 7:01:53
1152,外出用品,129,2019-02-06 7:01:53,2019-02-06 7:01:53
1153,ネームタグ,129,2019-02-06 7:01:53,2019-02-06 7:01:53
1154,その他,129,2019-02-06 7:01:53,2019-02-06 7:01:53
1155,各種パーツ,130,2019-02-06 7:01:53,2019-02-06 7:01:53
1156,生地/糸,130,2019-02-06 7:01:53,2019-02-06 7:01:53
1157,型紙/パターン,130,2019-02-06 7:01:53,2019-02-06 7:01:53
1158,その他,130,2019-02-06 7:01:53,2019-02-06 7:01:53
1159,Ingress,131,2019-02-06 7:01:53,2019-02-06 7:01:53
1160,クリエイターズ宇宙兄弟,131,2019-02-06 7:01:53,2019-02-06 7:01:53
1161,男性アイドル,132,2019-02-06 7:01:53,2019-02-06 7:01:53
1162,女性アイドル,132,2019-02-06 7:01:53,2019-02-06 7:01:53
1163,韓流,132,2019-02-06 7:01:53,2019-02-06 7:01:53
1164,国内アーティスト,132,2019-02-06 7:01:53,2019-02-06 7:01:53
1165,海外アーティスト,132,2019-02-06 7:01:53,2019-02-06 7:01:53
1166,音楽フェス,132,2019-02-06 7:01:53,2019-02-06 7:01:53
1167,声優/アニメ,132,2019-02-06 7:01:53,2019-02-06 7:01:53
1168,その他,132,2019-02-06 7:01:53,2019-02-06 7:01:53
1169,サッカー,133,2019-02-06 7:01:53,2019-02-06 7:01:53
1170,野球,133,2019-02-06 7:01:53,2019-02-06 7:01:53
1171,テニス,133,2019-02-06 7:01:53,2019-02-06 7:01:53
1172,格闘技/プロレス,133,2019-02-06 7:01:53,2019-02-06 7:01:53
1173,相撲/武道,133,2019-02-06 7:01:53,2019-02-06 7:01:53
1174,ゴルフ,133,2019-02-06 7:01:53,2019-02-06 7:01:53
1175,バレーボール,133,2019-02-06 7:01:53,2019-02-06 7:01:53
1176,バスケットボール,133,2019-02-06 7:01:53,2019-02-06 7:01:53
1177,モータースポーツ,133,2019-02-06 7:01:53,2019-02-06 7:01:53
1178,ウィンタースポーツ,133,2019-02-06 7:01:53,2019-02-06 7:01:53
1179,その他,133,2019-02-06 7:01:53,2019-02-06 7:01:53
1180,ミュージカル,134,2019-02-06 7:01:53,2019-02-06 7:01:53
1181,演劇,134,2019-02-06 7:01:53,2019-02-06 7:01:53
1182,伝統芸能,134,2019-02-06 7:01:53,2019-02-06 7:01:53
1183,落語,134,2019-02-06 7:01:53,2019-02-06 7:01:53
1184,お笑い,134,2019-02-06 7:01:53,2019-02-06 7:01:53
1185,オペラ,134,2019-02-06 7:01:53,2019-02-06 7:01:53
1186,サーカス,134,2019-02-06 7:01:53,2019-02-06 7:01:53
1187,バレエ,134,2019-02-06 7:01:53,2019-02-06 7:01:53
1188,その他,134,2019-02-06 7:01:53,2019-02-06 7:01:53
1189,声優/アニメ,135,2019-02-06 7:01:53,2019-02-06 7:01:53
1190,キッズ/ファミリー,135,2019-02-06 7:01:53,2019-02-06 7:01:53
1191,トークショー/講演会,135,2019-02-06 7:01:53,2019-02-06 7:01:53
1192,その他,135,2019-02-06 7:01:53,2019-02-06 7:01:53
1193,邦画,136,2019-02-06 7:01:53,2019-02-06 7:01:53
1194,洋画,136,2019-02-06 7:01:53,2019-02-06 7:01:53
1195,その他,136,2019-02-06 7:01:53,2019-02-06 7:01:53
1196,遊園地/テーマパーク,137,2019-02-06 7:01:53,2019-02-06 7:01:53
1197,美術館/博物館,137,2019-02-06 7:01:53,2019-02-06 7:01:53
1198,スキー場,137,2019-02-06 7:01:53,2019-02-06 7:01:53
1199,ゴルフ場,137,2019-02-06 7:01:53,2019-02-06 7:01:53
1200,フィットネスクラブ,137,2019-02-06 7:01:53,2019-02-06 7:01:53
1201,プール,137,2019-02-06 7:01:53,2019-02-06 7:01:53
1202,ボウリング場,137,2019-02-06 7:01:53,2019-02-06 7:01:53
1203,水族館,137,2019-02-06 7:01:53,2019-02-06 7:01:53
1204,動物園,137,2019-02-06 7:01:53,2019-02-06 7:01:53
1205,その他,137,2019-02-06 7:01:53,2019-02-06 7:01:53
1206,ショッピング,138,2019-02-06 7:01:53,2019-02-06 7:01:53
1207,レストラン/食事券,138,2019-02-06 7:01:53,2019-02-06 7:01:53
1208,フード/ドリンク券,138,2019-02-06 7:01:53,2019-02-06 7:01:53
1209,宿泊券,138,2019-02-06 7:01:53,2019-02-06 7:01:53
1210,その他,138,2019-02-06 7:01:53,2019-02-06 7:01:53
1211,国内自動車本体,139,2019-02-06 7:01:53,2019-02-06 7:01:53
1212,外国自動車本体,139,2019-02-06 7:01:53,2019-02-06 7:01:53
1213,タイヤ/ホイールセット,140,2019-02-06 7:01:53,2019-02-06 7:01:53
1214,タイヤ,140,2019-02-06 7:01:53,2019-02-06 7:01:53
1215,ホイール,140,2019-02-06 7:01:53,2019-02-06 7:01:53
1216,その他,140,2019-02-06 7:01:53,2019-02-06 7:01:53
1217,サスペンション,141,2019-02-06 7:01:53,2019-02-06 7:01:53
1218,ブレーキ,141,2019-02-06 7:01:53,2019-02-06 7:01:53
1219,外装、エアロパーツ,141,2019-02-06 7:01:53,2019-02-06 7:01:53
1220,ライト,141,2019-02-06 7:01:53,2019-02-06 7:01:53
1221,内装品、シート,141,2019-02-06 7:01:53,2019-02-06 7:01:53
1222,ステアリング,141,2019-02-06 7:01:53,2019-02-06 7:01:53
1223,マフラー・排気系,141,2019-02-06 7:01:53,2019-02-06 7:01:53
1224,エンジン、過給器、冷却装置,141,2019-02-06 7:01:53,2019-02-06 7:01:53
1225,クラッチ、ミッション、駆動系,141,2019-02-06 7:01:53,2019-02-06 7:01:53
1226,電装品,141,2019-02-06 7:01:53,2019-02-06 7:01:53
1227,補強パーツ,141,2019-02-06 7:01:53,2019-02-06 7:01:53
1228,汎用パーツ,141,2019-02-06 7:01:53,2019-02-06 7:01:53
1229,外国自動車用パーツ,141,2019-02-06 7:01:53,2019-02-06 7:01:53
1230,その他,141,2019-02-06 7:01:53,2019-02-06 7:01:53
1231,車内アクセサリー,142,2019-02-06 7:01:53,2019-02-06 7:01:53
1232,カーナビ,142,2019-02-06 7:01:53,2019-02-06 7:01:53
1233,カーオーディオ,142,2019-02-06 7:01:53,2019-02-06 7:01:53
1234,車外アクセサリー,142,2019-02-06 7:01:53,2019-02-06 7:01:53
1235,メンテナンス用品,142,2019-02-06 7:01:53,2019-02-06 7:01:53
1236,チャイルドシート,142,2019-02-06 7:01:53,2019-02-06 7:01:53
1237,ドライブレコーダー,142,2019-02-06 7:01:53,2019-02-06 7:01:53
1238,レーダー探知機,142,2019-02-06 7:01:53,2019-02-06 7:01:53
1239,カタログ/マニュアル,142,2019-02-06 7:01:53,2019-02-06 7:01:53
1240,セキュリティ,142,2019-02-06 7:01:53,2019-02-06 7:01:53
1241,ETC,142,2019-02-06 7:01:53,2019-02-06 7:01:53
1242,その他,142,2019-02-06 7:01:53,2019-02-06 7:01:53
1243,タイヤ,143,2019-02-06 7:01:53,2019-02-06 7:01:53
1244,マフラー,143,2019-02-06 7:01:53,2019-02-06 7:01:53
1245,エンジン、冷却装置,143,2019-02-06 7:01:53,2019-02-06 7:01:53
1246,カウル、フェンダー、外装,143,2019-02-06 7:01:53,2019-02-06 7:01:53
1247,サスペンション,143,2019-02-06 7:01:53,2019-02-06 7:01:53
1248,ホイール,143,2019-02-06 7:01:53,2019-02-06 7:01:53
1249,シート,143,2019-02-06 7:01:53,2019-02-06 7:01:53
1250,ブレーキ,143,2019-02-06 7:01:53,2019-02-06 7:01:53
1251,タンク,143,2019-02-06 7:01:53,2019-02-06 7:01:53
1252,ライト、ウィンカー,143,2019-02-06 7:01:53,2019-02-06 7:01:53
1253,チェーン、スプロケット、駆動系,143,2019-02-06 7:01:53,2019-02-06 7:01:53
1254,メーター,143,2019-02-06 7:01:53,2019-02-06 7:01:53
1255,電装系,143,2019-02-06 7:01:53,2019-02-06 7:01:53
1256,ミラー,143,2019-02-06 7:01:53,2019-02-06 7:01:53
1257,外国オートバイ用パーツ,143,2019-02-06 7:01:53,2019-02-06 7:01:53
1258,その他,143,2019-02-06 7:01:53,2019-02-06 7:01:53
1259,ヘルメット/シールド,144,2019-02-06 7:01:53,2019-02-06 7:01:53
1260,バイクウエア/装備,144,2019-02-06 7:01:53,2019-02-06 7:01:53
1261,アクセサリー,144,2019-02-06 7:01:53,2019-02-06 7:01:53
1262,メンテナンス,144,2019-02-06 7:01:53,2019-02-06 7:01:53
1263,カタログ/マニュアル,144,2019-02-06 7:01:53,2019-02-06 7:01:53
1264,その他,144,2019-02-06 7:01:53,2019-02-06 7:01:53
1265,まとめ売り,145,2019-02-06 7:01:53,2019-02-06 7:01:53
1266,ペットフード,146,2019-02-06 7:01:53,2019-02-06 7:01:53
1267,犬用品,146,2019-02-06 7:01:53,2019-02-06 7:01:53
1268,猫用品,146,2019-02-06 7:01:53,2019-02-06 7:01:53
1269,魚用品/水草,146,2019-02-06 7:01:53,2019-02-06 7:01:53
1270,小動物用品,146,2019-02-06 7:01:53,2019-02-06 7:01:53
1271,爬虫類/両生類用品,146,2019-02-06 7:01:53,2019-02-06 7:01:53
1272,かご/おり,146,2019-02-06 7:01:53,2019-02-06 7:01:53
1273,鳥用品,146,2019-02-06 7:01:53,2019-02-06 7:01:53
1274,虫類用品,146,2019-02-06 7:01:53,2019-02-06 7:01:53
1275,その他,146,2019-02-06 7:01:53,2019-02-06 7:01:53
1276,菓子,147,2019-02-06 7:01:53,2019-02-06 7:01:53
1277,米,147,2019-02-06 7:01:53,2019-02-06 7:01:53
1278,野菜,147,2019-02-06 7:01:53,2019-02-06 7:01:53
1279,果物,147,2019-02-06 7:01:53,2019-02-06 7:01:53
1280,調味料,147,2019-02-06 7:01:53,2019-02-06 7:01:53
1281,魚介類(加工食品),147,2019-02-06 7:01:53,2019-02-06 7:01:53
1282,肉類(加工食品),147,2019-02-06 7:01:53,2019-02-06 7:01:53
1283,その他 加工食品,147,2019-02-06 7:01:53,2019-02-06 7:01:53
1284,その他,147,2019-02-06 7:01:53,2019-02-06 7:01:53
1285,コーヒー,148,2019-02-06 7:01:53,2019-02-06 7:01:53
1286,ソフトドリンク,148,2019-02-06 7:01:53,2019-02-06 7:01:53
1287,ミネラルウォーター,148,2019-02-06 7:01:53,2019-02-06 7:01:53
1288,茶,148,2019-02-06 7:01:53,2019-02-06 7:01:53
1289,ウイスキー,148,2019-02-06 7:01:53,2019-02-06 7:01:53
1290,ワイン,148,2019-02-06 7:01:53,2019-02-06 7:01:53
1291,ブランデー,148,2019-02-06 7:01:53,2019-02-06 7:01:53
1292,焼酎,148,2019-02-06 7:01:53,2019-02-06 7:01:53
1293,日本酒,148,2019-02-06 7:01:53,2019-02-06 7:01:53
1294,ビール、発泡酒,148,2019-02-06 7:01:53,2019-02-06 7:01:53
1295,その他,148,2019-02-06 7:01:53,2019-02-06 7:01:53
1296,タオル/バス用品,149,2019-02-06 7:01:53,2019-02-06 7:01:53
1297,日用品/生活雑貨,149,2019-02-06 7:01:53,2019-02-06 7:01:53
1298,洗剤/柔軟剤,149,2019-02-06 7:01:53,2019-02-06 7:01:53
1299,旅行用品,149,2019-02-06 7:01:53,2019-02-06 7:01:53
1300,防災関連グッズ,149,2019-02-06 7:01:53,2019-02-06 7:01:53
1301,その他,149,2019-02-06 7:01:53,2019-02-06 7:01:53
1302,雑貨,150,2019-02-06 7:01:53,2019-02-06 7:01:53
1303,工芸品,150,2019-02-06 7:01:53,2019-02-06 7:01:53
1304,家具,150,2019-02-06 7:01:53,2019-02-06 7:01:53
1305,印刷物,150,2019-02-06 7:01:53,2019-02-06 7:01:53
1306,その他,150,2019-02-06 7:01:53,2019-02-06 7:01:53
1307,筆記具,151,2019-02-06 7:01:53,2019-02-06 7:01:53
1308,ノート/メモ帳,151,2019-02-06 7:01:53,2019-02-06 7:01:53
1309,テープ/マスキングテープ,151,2019-02-06 7:01:53,2019-02-06 7:01:53
1310,カレンダー/スケジュール,151,2019-02-06 7:01:53,2019-02-06 7:01:53
1311,アルバム/スクラップ,151,2019-02-06 7:01:53,2019-02-06 7:01:53
1312,ファイル/バインダー,151,2019-02-06 7:01:53,2019-02-06 7:01:53
1313,はさみ/カッター,151,2019-02-06 7:01:53,2019-02-06 7:01:53
1314,カードホルダー/名刺管理,151,2019-02-06 7:01:53,2019-02-06 7:01:53
1315,のり/ホッチキス,151,2019-02-06 7:01:53,2019-02-06 7:01:53
1316,その他,151,2019-02-06 7:01:53,2019-02-06 7:01:53
1317,オフィス用品一般,152,2019-02-06 7:01:53,2019-02-06 7:01:53
1318,オフィス家具,152,2019-02-06 7:01:53,2019-02-06 7:01:53
1319,店舗用品,152,2019-02-06 7:01:53,2019-02-06 7:01:53
1320,OA機器,152,2019-02-06 7:01:53,2019-02-06 7:01:53
1321,ラッピング/包装,152,2019-02-06 7:01:53,2019-02-06 7:01:53
1322,その他,152,2019-02-06 7:01:53,2019-02-06 7:01:53
